<core:FragmentDefinition
	xmlns="sap.m"
	xmlns:core="sap.ui.core">
	<Dialog type="Message" contentWidth="55%" contentHeight="35%" showHeader="false">
		<subHeader>
			<Toolbar>
				<content>
					<ToolbarSpacer/>
					<Text text="{i18n>commentTitle}" class = "labelColor"></Text>
					<ToolbarSpacer/>
					<Button icon="sap-icon://decline" tooltip="{i18n>declineStatus}" press="pressDecline"/>
				</content>
			</Toolbar>
		</subHeader>
		<content>
			<Label text="{i18n>toCommentDialog}" labelFor="commentToEmailId" class = "labelColor"/>
			<!--<Input/>-->
			<MultiComboBox width = "95%"  id="commentToEmailId"
											items="{
													path: 'oUserModelId>/user'
													}">
										<core:Item key="{oUserModelId>userEmail}" text="{oUserModelId>userName}"/>
										</MultiComboBox>
			<FeedInput showIcon="true"  maxLength = "1000" post="postComment" class="feedInput"/>
			<List showSeparators="Inner" items="{path: 'oCommentModelId>/userCommentTransaction'}" >
				<FeedListItem
				sender="{oCommentModelId>commentedUser}"
				info="{oCommentModelId>commentedUserId}"
				timestamp="{oCommentModelId>createdOn}"
				text="{oCommentModelId>comment}" />
			</List>
		</content>
	</Dialog>
</core:FragmentDefinition>