<core:FragmentDefinition
	xmlns="sap.m"
	xmlns:core="sap.ui.core">
	<Dialog id = "createRequestDialogId" showHeader="false" beforeOpen="beforeOpenCRDialog" afterOpen="afterOpenDialog">
		<subHeader>
			<Toolbar>
				<content>
					<ToolbarSpacer/>
					<Text text="Submit" class = "labelColor"/>
					<ToolbarSpacer/>
					<Button icon="sap-icon://decline" tooltip="decline" press="pressDecline"/>
				</content>
			</Toolbar>
		</subHeader>
		<beginButton>
			<Button text="Create CR" press="pressCreateCRDialog"/>
		</beginButton>	
		<content>
		
			<Panel class = "panelBackground">
			<HBox id="hBoxId">
				<items>
					<CheckBox id = "spmCheckBoxId" text="{i18n>notifySPMCheckBoxDialog}" select="selectNotifySPM" class = "labelColor"/>
					<CheckBox id = "paCheckBoxId" text="{i18n>assignPACheckBoxDialog}" select="selectAssignPA" class = "labelColor"/>
					<CheckBox id = "vendorCheckBoxId" text="{i18n>assignVendorCheckBoxDialog}" select="selectAssignVendor" class = "labelColor"/>
					
				</items>
			</HBox>
			<HBox id="hBox2Id">
				<items>
					<VBox id="vBox1Id">
						<items>
							<Label text="{i18n>selectSPMDialog}" labelFor="crSPMId" class = "labelColor"/>
							<ComboBox id="crSPMId" selectionChange="selectUser" width="81%" items="{
								path: 'userModelId>/user'
							  }">
                    		<core:ListItem key="{userModelId>userId}" text="{userModelId>userName}"  additionalText="{userModelId>userId}"/>
							</ComboBox>
							<Label text="{i18n>spmrEmailDialog}" labelFor="crSpmEmailId" class = "labelColor"/>
							<Input value="" id="crSpmEmailId"  maxLength = "100" width="81%"/>
							<Label text="{i18n>spmRemarksLabelDialog}" labelFor="crSpmRemarksId" class = "labelColor"/>
							<TextArea id="crSpmRemarksId"  maxLength = "1000"/>
						</items>
					</VBox>
					
					<VBox id="vBox3Id">
						<items>
							<Label text="{i18n>selectPADialog}" labelFor="crPAId" class = "labelColor"/>
							<ComboBox id="crPAId" selectionChange="selectUser" width="81%"
							showSecondaryValues= "true" items="{
								path: 'userModelId>/user'
							  }">
                    		<core:ListItem key="{userModelId>userId}" text="{userModelId>userName}" additionalText="{userModelId>userId}"/>
							</ComboBox>
							<Label text="{i18n>paEmailDialog}" labelFor="crPAEmailID" class = "labelColor"/>
							<Input value="" id="crPAEmailID"  maxLength = "100" width="81%"/>
							
							<Label text="{i18n>spmRemarksLabelDialog}" labelFor="crPARemarksId" class = "labelColor"/>
							<TextArea id="crPARemarksId"  maxLength = "1000"/>
						</items>
					</VBox>
					
					<VBox id="vBox2Id">
						<items>
							<Label text="{i18n>selectVendorDialog}" labelFor="crVendorId" class = "labelColor"/>
							<ComboBox id="crVendorId" selectionChange="selectUser" width="81%" items="{
								path: 'organizationModelId>/organization'
							  }">
                    		<core:Item key="{organizationModelId>orgCode}" text="{organizationModelId>orgName}"/>
							</ComboBox>
							<Label text="{i18n>vendorEmailDialog}" labelFor="crVendorEmailID" class = "labelColor"/>
							<Input value="" id="crVendorEmailID" maxLength = "100" width="81%"/>
							<Label text="{i18n>vendorRemarksDialog}" labelFor="crVendorRemarksId" class = "labelColor"/>
							<TextArea id="crVendorRemarksId"  maxLength = "1000"/>
						</items>
					</VBox>
				</items>
			</HBox>
			</Panel>
		</content>
	</Dialog>
</core:FragmentDefinition>