<core:FragmentDefinition
	xmlns="sap.m"
	xmlns:core="sap.ui.core">
	<TableSelectDialog noDataText="{i18n>noChangeRequestData}" title="{i18n>downloadTitle}" confirm="confirmDownload"
		cancel="cancleDownload" multiSelect="true" search = "downloadDialogSearch"
		items="{path: 'vrMasterModelId>/result'}">
		<ColumnListItem>
			<cells>
				<Text text="{vrMasterModelId>crRefId}" />
				<Text text="{vrMasterModelId>crTypeName}" />
				<Text text="{vrMasterModelId>status}" />
				<Text text="{vrMasterModelId>teamName}" />
				<Text text="{vrMasterModelId>productName}" />
			</cells>
		</ColumnListItem>
		<columns>
			<Column minScreenWidth="Tablet" demandPopin="true">
				<header>
					<Text text="{i18n>crRefIdDwnld}" />
				</header>
			</Column>
			<Column	minScreenWidth="Tablet" demandPopin="true" >
				<header>
					<Text text="{i18n>crTypeDwnld}" />
				</header>
			</Column>
			<Column minScreenWidth="Tablet" demandPopin="true">
				<header>
					<Text text="{i18n>crStatusDwnld}" />
				</header>
			</Column>
			<Column minScreenWidth="Tablet" demandPopin="true">
				<header>
					<Text text="{i18n>crTeamDwnld}" />
				</header>
			</Column>
			<Column minScreenWidth="Tablet" demandPopin="true">
				<header>
					<Text text="{i18n>crProductDwnld}" />
				</header>
			</Column>
		<!--	<Column minScreenWidth="Tablet" demandPopin="true" hAlign="Center">
				<header>
					<Text text="Organization" />
				</header>
			</Column>-->
		</columns>
	</TableSelectDialog>
</core:FragmentDefinition>