<core:FragmentDefinition
	xmlns="sap.m"
	xmlns:core="sap.ui.core">
	<ViewSettingsDialog confirm="handleConfirmByDate" resetFilters = "filterDetailPageOpened">
		<customTabs>
			<ViewSettingsCustomTab icon="sap-icon://action-settings" title="{i18n>filterTitle}">
				<content>
					
					<Panel expandable="false" expanded="true" width="auto" class="sapUiResponsiveMargin panelBackground">
						<headerToolbar>
							<Toolbar>
								<Title text = "{i18n>crDateFilterHeader}"/>
								<ToolbarSpacer/>
								<Text text = ""/>
							</Toolbar>
						</headerToolbar>
						<content>
							<VBox>
								<Select change = "dateFilterSelectionChange" 	items="{
													path: 'vrDateModelId>/dateRef'
													}">
								<items>
									<core:Item key="{vrDateModelId>dateRefId}" text="{vrDateModelId>dateRefName}"/>
								</items>
								</Select>
								
									<Label  text = "{i18n>crDateFilterRange}" labelFor="dateRangeByDateId"/>
									<DateRangeSelection id="dateRangeByDateId" enabled = "false"/>
							</VBox>
						</content>
					</Panel>
				</content>
			</ViewSettingsCustomTab>
		</customTabs>
	</ViewSettingsDialog>
</core:FragmentDefinition>