<core:FragmentDefinition
	xmlns="sap.m"
	xmlns:core="sap.ui.core">
	<ViewSettingsDialog  confirm="handleConfirm" resetFilters = "filterDetailPageOpened" cancel = "handleCancel">
		<customTabs>
			<ViewSettingsCustomTab icon="sap-icon://action-settings" title="{i18n>filterTitle}">
				<content>
				<Panel class = "panelBackground">
					<HBox>
						<RadioButton text="Filter by details" select="selectCheckBoxId" selected="true" class = "labelColor"/>
						<RadioButton text="Filter by date" select="selectCheckBoxId" class = "labelColor"/>
							
					</HBox>
					<HBox>
						<Panel visible="false" expandable="false" expanded="true" width="auto" class="sapUiResponsiveMargin panelBackground">
						<headerToolbar>
							<Toolbar>
								<Title text = "{i18n>crDateFilterHeader}"/>
								<ToolbarSpacer/>
								<Text text = ""/>
							</Toolbar>
						</headerToolbar>
						<content>
							<VBox>
								<Select change = "dateFilterSelectionChange" 	items="{
													path: 'vrDateModelId>/dateRef'
													}">
								<items>
									<core:Item key="{vrDateModelId>dateRefId}" text="{vrDateModelId>dateRefName}"/>
								</items>
								</Select>
								
									<Label  text = "{i18n>crDateFilterRange}" labelFor="dateRangeIds" class = "labelColor"/>
									<DateRangeSelection id="dateRangeIds" enabled = "false"/>
							</VBox>
						</content>
					</Panel>
					<VBox visible="true">
						
						<Panel expandable="true" expanded="false" width="auto" class="sapUiResponsiveMargin panelBackground">
						<headerToolbar>
							<Toolbar>
								<Title text = "{i18n>crNumberFilterHeader}"/>
								<ToolbarSpacer/>
								<Text text = ""/>
							</Toolbar>
						</headerToolbar>
						<content>
							<RangeSlider min="1" max="1000" width="100%" change = "filterSliderChange" class="sapUiSmallMarginTopBottom" />
						<Table 	mode="MultiSelect" items="{path: 'vrMasterModelId>/result'}">
                        <columns>
                            <Column>
                                <header>
                                    <Label text="CR Number" class="TableColumnHeader"></Label>
                                </header>
                        	</Column>
                        </columns>
                        <items>
                            <ColumnListItem>
                                <cells>
                                    <Label text="{vrMasterModelId>crRefId}"/>
                                </cells>
                            </ColumnListItem>
                        </items>
                    </Table>
						</content>
					</Panel>
					<Panel expandable="true" expanded="false" width="auto" class="sapUiResponsiveMargin panelBackground">
						<headerToolbar>
							<Toolbar>
								<Title text = "{i18n>crTypeFilterHeader}"/>
								<ToolbarSpacer/>
								<Text text = ""/>
							</Toolbar>
						</headerToolbar>
						<content>
							<VBox>
								<List 	mode="MultiSelect" items="{path: 'vrTypeModelId>/crTypeCollection'}">
								<items>
									<StandardListItem title="{vrTypeModelId>crTypeName}"/>
								</items>
								</List>
							</VBox>
						</content>
					</Panel>
					<Panel expandable="true" expanded="false" width="auto" class="sapUiResponsiveMargin panelBackground">
						<headerToolbar>
							<Toolbar>
								<Title text = "{i18n>crStatusFilterHeader}"/>
								<ToolbarSpacer/>
								<Text text = ""/>
							</Toolbar>
						</headerToolbar>
						<content>
							<VBox>
								<List mode="MultiSelect">
								<items>
									<StandardListItem title="{i18n>createdStatusFilter}"/>
									<StandardListItem title="{i18n>draftsStatusFilter}"/>
									<StandardListItem title="{i18n>acceptedStatusFilter}"/>
									<StandardListItem title="{i18n>rejectedStatusFilter}"/>
									<StandardListItem title="{i18n>closedStatusFilter}"/>
									<StandardListItem title="{i18n>steadyStatusFilter}"/>
									<StandardListItem title="{i18n>canceledStatusFilter}"/>
								</items>
								</List>
							</VBox>
						</content>
					</Panel>
					<Panel expandable="true" expanded="false" width="auto" class="sapUiResponsiveMargin panelBackground">
						<headerToolbar>
							<Toolbar>
								<Title text = "{i18n>crTeamFilterHeader}"/>
								<ToolbarSpacer/>
								<Text text = ""/>
							</Toolbar>
						</headerToolbar>
						<content>
							<VBox>
								<List 	mode="MultiSelect" items="{path: 'vrTeamModelId>/team'}">
								<items>
									<StandardListItem title="{vrTeamModelId>teamName}"/>
								</items>
								</List>
							</VBox>
						</content>
					</Panel>
					<Panel expandable="true" expanded="false" width="auto" class="sapUiResponsiveMargin panelBackground">
						<headerToolbar>
							<Toolbar>
								<Title text = "{i18n>crProductFilterHeader}"/>
								<ToolbarSpacer/>
								<Text text = ""/>
							</Toolbar>
						</headerToolbar>
						<content>
							<VBox>
								<List 	mode="MultiSelect" items="{path: 'vrProductModelId>/product'}">
								<items>
									<StandardListItem title="{vrProductModelId>productName}"/>
								</items>
								</List>
							</VBox>
						</content>
					</Panel>
					<Panel expandable="true" expanded="false" width="auto" class="sapUiResponsiveMargin panelBackground">
						<headerToolbar>
							<Toolbar>
								<Title text = "{i18n>crVendorFilterHeader}"/>
								<ToolbarSpacer/>
								<Text text = ""/>
							</Toolbar>
						</headerToolbar>
						<content>
							<VBox>
								<List 	mode="MultiSelect" items="{path: 'organizationModelId>/organization'}">
								<items>
									<StandardListItem title="{organizationModelId>orgName}" info="{organizationModelId>orgCode}"/>
								</items>
								</List>
							</VBox>
						</content>
					</Panel>
					<Panel expandable="true" expanded="false" width="auto" class="sapUiResponsiveMargin panelBackground">
						<headerToolbar>
							<Toolbar>
								<Title text = "{i18n>createdByFilterHeader}"/>
								<ToolbarSpacer/>
								<Text text = ""/>
							</Toolbar>
						</headerToolbar>
						<content>
								<SearchField liveChange="searchCreatedBy"/>
								<List 	mode="MultiSelect" items="{path: 'oUserModelId>/user'}">
								<items>
									<StandardListItem title="{oUserModelId>userName}" info="{oUserModelId>userId}"/>
								</items>
								</List> 
						</content>
					</Panel>
					</VBox>
					</HBox>
				</Panel>
				
				</content>
			</ViewSettingsCustomTab>
		</customTabs>
	</ViewSettingsDialog>
</core:FragmentDefinition>