<core:FragmentDefinition
	xmlns="sap.m"
	xmlns:core="sap.ui.core">
	<Dialog type="Message" showHeader="false">
		<subHeader>
			<Toolbar>
				<content>
					<ToolbarSpacer/>
					<Text text="{i18n>statusTitle}"></Text>
					<ToolbarSpacer/>
					<Button icon="sap-icon://decline" tooltip="{i18n>declineStatus}" press="pressDecline"/>
				</content>
			</Toolbar>
		</subHeader>
		<beginButton>
			<Button text="Ok" press="pressSubmit"/>
		</beginButton>
		<content>
			<VBox>
				<items>
					<Text text="{i18n>toStatusDialog}" class = "labelColor"/>
				<MultiComboBox width = "95%"  id="statusToEmailId"
											items="{
													path: 'oUserModelId>/user'
													}">
										<core:Item key="{oUserModelId>userEmail}" text="{oUserModelId>userName}"/>
										</MultiComboBox>
					<Text text="{i18n>commentStatusDialog}" class = "labelColor"/>
					<TextArea id="commentStatusId" maxLength = "1000" width="100%"/>
				</items>
			</VBox>
		</content>
	</Dialog>
</core:FragmentDefinition>