<core:FragmentDefinition xmlns="sap.m" xmlns:smartfilterbar="sap.ui.comp.smartfilterbar" xmlns:core="sap.ui.core">
	<!--	<smartfilterbar:ControlConfiguration key="pricerange" index="1" label="Custom Filter" groupId="_BASIC">-->
	<smartfilterbar:ControlConfiguration key="P_keydate" index="1" label="{/#ZBW_CON_RTR_STOCKTRAN_002Parameters/P_keydate/@sap:label}">
		<smartfilterbar:customControl>
			<DatePicker id="keyDate" placeholder="{i18n>KEYDATE_PLACE_HOLDER}" required="true" change="onDateChange" class="sapUiSmallMarginBottom"/>
		</smartfilterbar:customControl>
	</smartfilterbar:ControlConfiguration>
	<smartfilterbar:ControlConfiguration key="PurchasingDocumentType_key" index="120"
		label="{i18n>CHKBOX_LABEL}">
		<smartfilterbar:customControl>
			<CheckBox id="idPDT" textAlign="Right" text="{/#ZBW_CON_RTR_STOCKTRAN_002Result/PurchasingDocumentType/@sap:label}"/>
		</smartfilterbar:customControl>
	</smartfilterbar:ControlConfiguration>
</core:FragmentDefinition>