<!-- <core:FragmentDefinition
	xmlns="sap.m"
	xmlns:core="sap.ui.core">
	<SelectDialog
		title="Fund"
		noDataText="No Fund Available"
		items="{path:'detail>/SuggestionFund',templateShareable:true}"
		class="sapUiPopupWithPadding"
		search="_handleValueHelpSearch"
		confirm="_handleValueHelpClose_fund"
		cancel="_handleValueHelpClose_fund"
		draggable = "true"
		resizable = "true">
		
		<StandardListItem
			title="{detail>title}"
			info="{detail>info}"
			description="{detail>description}"/>
	</SelectDialog>
</core:FragmentDefinition> -->
<core:FragmentDefinition xmlns="sap.m" xmlns:core="sap.ui.core">
    <Dialog  title="Fund" class="sapUiSizeCompact">
        <VBox>
            <List id="idList" items="{path:'detail&gt;/SuggestionFund',templateShareable:true}">
                <headerToolbar>
                    <OverflowToolbar>
                        <SearchField id="idSearchFund" width="90%" placeholder="Fund" search="OnSearchFund" liveChange="OnSearchFund"></SearchField>
                    </OverflowToolbar>
                </headerToolbar>
                <StandardListItem type="Active" press="_handleValueHelpClose_fund" title="{detail&gt;title}"  description="{detail&gt;description}" />
            </List><!-- info="{detail&gt;info}" -->
            <OverflowToolbar>
                <ToolbarSpacer />
                <MenuButton icon="sap-icon://sort">
                    <menu>
                        <Menu >
                            <MenuItem text="Ascending" press="onSortFund" />
                            <MenuItem text="Descending" press="onSortFund" />
                        </Menu>
                    </menu>
                </MenuButton>
                <Button text="Cancel" type="Reject" press="onFundCancel" />
            </OverflowToolbar>
        </VBox>
    </Dialog>
</core:FragmentDefinition>