<core:FragmentDefinition xmlns:m="sap.m" xmlns="sap.ui.layout" xmlns:form="sap.ui.layout.form" xmlns:core="sap.ui.core">
	<m:VBox class="sapUiSmallMargin">
		<form:SimpleForm editable="false" layout="ResponsiveGridLayout" labelSpanXL="4" labelSpanL="4" labelSpanM="4" labelSpanS="12"
			adjustLabelSpan="false" emptySpanXL="0" emptySpanL="0" emptySpanM="0" emptySpanS="0" columnsXL="3" columnsL="2" columnsM="2"
			singleContainerFullSize="false">
			<form:content>
				<core:Title/>
				<m:Label text="From Country" design="Bold"/>
				<m:Input placeholder="Select Country" value="India" editable="{products&gt;/editable}" />
				
				<m:Label text="From Date" design="Bold"/>
				<m:DatePicker placeholder="Enter Date" value="10/11/2020" editable="{products>/editable}"/>
				
				<m:Label text="Contact No" design="Bold"/>
				<m:Input placeholder="Contact No" value="9876543210" editable="{products>/editable}"/>
				
				<m:Label text="Meal Preference" design="Bold"/>
				<m:Input placeholder="Meal Preference" value="Asian Food" editable="{products>/editable}"/>
				
				<m:Label text="Seat Preference" design="Bold"/>
				<m:Input placeholder="Seat Preference" value="No" editable="{products>/editable}"/>
				
				<m:Label text="Vissa Type" design="Bold"/>
				<m:Input placeholder="Vissa Type" value="Test" editable="{products>/editable}"/>
				
				
				<core:Title/>
				<m:Label text="To Country" design="Bold"/>
				<m:Input placeholder="Select Country" value="India" editable="{products&gt;/editable}" />
				
				<m:Label text="End Date" design="Bold"/>
				<m:DatePicker placeholder="Enter Date" value="10/11/2020" editable="{products>/editable}"/>
				
				<m:Label text="Destination Contact No" design="Bold"/>
				<m:Input placeholder="Destination Contact No" value="89332342323" editable="{products>/editable}"/>
				
				<m:Label text="Personal Mail Id" design="Bold"/>
				<m:Input placeholder="Personal Mail Id" value="test@gmail.com" editable="{products>/editable}"/>
				
				<m:Label text="Frequent Flyer No." design="Bold"/>
				<m:Input placeholder="Frequent Flyer No." value="Test" editable="{products>/editable}"/>
				
			</form:content>
		</form:SimpleForm>
	</m:VBox>
</core:FragmentDefinition>