<core:FragmentDefinition xmlns:m="sap.m" xmlns="sap.ui.layout" xmlns:form="sap.ui.layout.form" xmlns:core="sap.ui.core">
	<m:VBox class="sapUiSmallMargin">
		<form:SimpleForm editable="false" layout="ResponsiveGridLayout" labelSpanXL="4" labelSpanL="4" labelSpanM="4" labelSpanS="12"
			adjustLabelSpan="false" emptySpanXL="0" emptySpanL="0" emptySpanM="0" emptySpanS="0" columnsXL="3" columnsL="2" columnsM="2"
			singleContainerFullSize="false">
			<form:content>
				<core:Title/>
				<m:Label text="Desc" design="Bold"/>
				<m:TextArea value="Description for selected option" />
				
				<m:Label text="PNR Number" design="Bold"/>
				<m:Input value="PNR1234"/>
				
				<m:Label text="Total Fare" design="Bold"/>
				<m:Input value="9876" />
				
				<core:Title/>
				<m:Label text="Ticket time Limit" design="Bold"/>
				<m:Input value="Test"/>
				
				<m:Label text="Special Notes" design="Bold"/>
				<m:TextArea value="Special Notesfor Option" />
				
			</form:content>
		</form:SimpleForm>
	</m:VBox>
</core:FragmentDefinition>