{
    "instance_min_count": 1,
    "instance_max_count": 5,
    "scaling_rules": [
        {
            "metric_type": "cpu",
            "threshold": 70,
            "stat_window_secs": 60,
            "breach_duration_secs": 60,
            "cool_down_secs": 60,
            "operator": ">",
            "adjustment": "+1"
        },
        {
            "metric_type": "cpu",
            "threshold": 70,
            "stat_window_secs": 60,
            "breach_duration_secs": 60,
            "cool_down_secs": 60,
            "operator": "<=",
            "adjustment": "-1"
        }
    ]
}

