{
  "welcomeFile": "/index.html",
  "authenticationMethod": "route",
  "routes": [
    {
            "authenticationType": "xsuaa",
            "csrfProtection": false,
            "source": "^/user-info/UserInfoEntity",
            "destination": "CAPM_LOGGED_IN_USER_INFO"
    },
    {
            "authenticationType": "xsuaa",
            "csrfProtection": false,
            "source": "^/getOAuthToken",
            "destination": "node-destination-oauth-token"
    },
    {
      "source": "^/sap/(.*)$",
      "target": "/sap/$1",
      "destination": "MHIRJ_S4HANA",
      "authenticationType": "xsuaa",
      "csrfProtection": false
    },
    {
      "source": "^/resources/(.*)$",
      "target": "/resources/$1",
      "authenticationType": "none",
      "destination": "ui5"
    },
    {
      "source": "^/test-resources/(.*)$",
      "target": "/test-resources/$1",
      "authenticationType": "none",
      "destination": "ui5"
    },
    {
      "source": "^(.*)$",
      "target": "$1",
      "service": "html5-apps-repo-rt",
      "authenticationType": "xsuaa"
    }
  ]
}
