{
    "application": {
        "id": "",
        "title": "com.bosch.hr.swift_trv.TP_BUSR",
        "description": "Business Travel",
        "type": "SAP_UI5_Component",
        "componentUrl": "/",
        "appUrl": "#TP_BUSR-Display",
        "navigationComponentName": "com.bosch.hr.swift_trv",
        "intentSemanticObject": "TP_BUSR",
        "intentAction": "Display",
        "html5ApplicationName": "tpbusr",
        "HCPParentApplicationName": ""
    },
    "assignment": {
        "groups": [
            "b3c5877b-d519-479d-8155-47d87e8b6615-1583232023424"
        ],
        "contentPackages": [
            "1ee7778a-615b-490f-853a-d30652bf1c52-1580963704640"
        ],
        "categories": []
    },
    "tile": {
        "type": "StaticTile",
        "title": "BUSR",
        "subtitle": "TP",
        "searchKeywords": "BUSR,TP",
        "displayIconUrl": "sap-icon://approvals",
        "displayInfoText": "",
        "size": "1x1",
        "serviceURL": "",
        "refreshInterval": ""
    }
}