{
	"UI": {
		"max": 5,
		"FILEMESSAGES": [],
		"SUBMIT": true,
		"estimateNumber":"",
		"mode":"read",
		"isAward":true,
		"isShoppingCart":false 
	},
	
	"ui": {
		"UserLanguage": "en"
	},
	
	"o_finding": {

	},
	"o_focusArea": {
		
	}, 
	"CreateRFQPartnerSet": {
		"ObjectId": "",
		"PartnerGUID": "",
		"PartnerFct": "",
		"PartnerNo": "",
		
	"PartnerID":"",
	"PartnerName":"",
	"EmailID":""


	},
	"CreateRFQOrgSet": {
		"ObjectId": "",
		"Count": "",
		"ProcOrgOt": "",
		"ProcOrgId": "",
		"ProcGroupOt": "",
		"ProcGroupId": ""

	},
	"CreateRFQItemSet": {
		"NumberInt": "",
		"ObjectId": "",
		"Product": "",
		"Description": "",
		"Category": "",
		"CategoryId": "",
		"Quantity": "",
		"Unit": "",
		"DelivDate": "",
		"ProductType": "",
		"ProductNo":""


	},
	"LongTextDetailsSet": {
		"Count": "",
		"ObjectId": "",
		"Tdid": "",
		"Longtext": ""

	},
	"CreateQuoteSet": {
		"Object_ID": "",
		"Currency": "",
		"TotalValue": "",
		"SupplierNo": "",
		"SupplierName": "",
		"Notes": ""

	},
	"postData": {
		"ObjectId": "",
		"DeliveryAdd": "",
		"Terminal": "",
		"SoldName": "",
		"OrderReq": "",
		"CustNum": "",
		"ProductNum": "",
		"ProductName": "",
		"Condition": "",
		"Quantity": "",
		"Unit": "",
		"DriverNum":"",
		"NID":"",
		"ProductNo":"",
		"DrivingLicense":"",
		"DriverName":"",
		"DriverSurname":"",
		"VehicalNum":"",
		"RegirationNum":"",
		"VehicalTye":"",
		"TrailerNum":"",
		"TrailerRegirationNum":"",
		"TrailerVehicalTye":"",
		"finalDestinationNum":"",
		"finalDestinationName":"",
		"finalDestinationAdd":"",
		"compartments":[],
		"products":[],
		"drivers":[],
		"truck":[],
		"trailor":[],
		"ControlFlagsOrderRead":{},
		"WholeOrderRead":{},
		"reqDelDateFromflag":"",
		"reqDelDateToflag":"",
		"loadingDateToflag":"",
		"loadingDateFromflag":"",
		"drivercode":"",
		"drivername":"",
		"licenseplate":"",
		"tuTypeDesc":"",
		"ModCanCancel":false,
		"CanCancel": false
		
	}
}