{
	"welcomeFile": "/webapp/index.html",
	"routes": [{
		"path": "/webapp/resources/com/bosch/scpsa/sarulesscp",
		"target": {
			"type": "application",
			"name": "sarulesscp"
		},
		"description": "Support Assistant Custom rules"
	}, {
		"path": "/resources/com/bosch/scpsa/sarulesscp",
		"target": {
			"type": "application",
			"name": "sarulesscp"
		},
		"description": "Support Assistant Custom rules"
	}, {
		"path": "/resources",
		"target": {
			"type": "service",
			"name": "sapui5",
			"entryPath": "/resources",
			"version": "1.60.13"
		},
		"description": "SAPUI5 Resources"
	}, {
		"path": "/test-resources",
		"target": {
			"type": "service",
			"name": "sapui5",
			"entryPath": "/test-resources",
			"version": "1.60.13"
		},
		"description": "SAPUI5 Resources"
	}, {
		"path": "/webapp/resources",
		"target": {
			"type": "service",
			"name": "sapui5",
			"entryPath": "/resources",
			"version": "1.60.13"
		},
		"description": "SAPUI5 Resources"
	}, {
		"path": "/webapp/test-resources",
		"target": {
			"type": "service",
			"name": "sapui5",
			"entryPath": "/test-resources",
			"version": "1.60.13"
		},
		"description": "SAPUI5 Test Resources"
	}, {
		"path": "/sap/opu/odata",
		"target": {
			"type": "destination",
			"name": "DXG-SSO",
			"entryPath": "/sap/opu/odata"
		},
		"description": "DXG-SSO"
	}],
	"sendWelcomeFileRedirect": true
}