<core:FragmentDefinition xmlns:m="sap.m" xmlns="sap.ui.layout" xmlns:form="sap.ui.layout.form" xmlns:core="sap.ui.core">
	<m:VBox class="sapUiSmallMargin">
		<form:SimpleForm editable="false" layout="ResponsiveGridLayout" labelSpanXL="4" labelSpanL="4" labelSpanM="4" labelSpanS="12"
			adjustLabelSpan="false" emptySpanXL="0" emptySpanL="0" emptySpanM="0" emptySpanS="0" columnsXL="3" columnsL="2" columnsM="2"
			singleContainerFullSize="false">
			<form:content>
				<core:Title/>
				<m:Label text="{i18n>TripStart}" design="Bold" required="true"/>
				<m:HBox>
					<m:DatePicker value="{products>From}" editable="{ parts: [ {path: 'products>/dateChange'}, {path: 'products>/editable'} ], formatter: '.formatter.onDateChange' }"/>
					<m:TimePicker  value="11:10"  valueFormat="HH:mm" displayFormat="HH:mm" editable="{ parts: [ {path: 'products>/dateChange'}, {path: 'products>/editable'} ], formatter: '.formatter.onDateChange' }"/>
				</m:HBox>
				<m:Label text="{i18n>FromCnty}" design="Bold" required="true"/>
				<m:Input placeholder="Select Country" value="{products>FromCountry}" editable="{products>/editable}"/>
				<m:Label text="{i18n>FromLoc}" design="Bold" required="true"/>
				<m:Input placeholder="Enter Location" value="{products>FromLocation}" editable="{products>/editable}"/>
				<m:Label text="{i18n>Duration}" design="Bold"/>
				<m:Input placeholder="Enter Value ..." value="{products>Duration}" editable="{products>/editable}"/>
				<m:Label text="{i18n>TravelCategory}" design="Bold"/>
				<m:Input placeholder="Travel Category" value="BUSR" editable="{products>/editable}"/>
				<m:Label text="{i18n>VisaCategory}" design="Bold" required="true"/>
				<m:Input placeholder="Vissa Category" value="{products>Visa}" editable="{products>/editable}"/>
				<m:Label text="{i18n>Purpose}" design="Bold" required="true"/>
				<m:Input placeholder="Purpose" value="{products>Purpose}" editable="{products>/editable}"/>
				<m:Label text="{i18n>SimRequired}" design="Bold" required="true"/>
				<m:ComboBox value="{products>Sim}" placeholder="Sim Card Required" editable="{products>/editable}" width="100%"
					selectionChange="onSelectSimCard" >
					<core:ListItem key="1" text="Yes"/>
					<core:ListItem key="2" text="No"/>
				</m:ComboBox>
				<m:Label text="{i18n>SimType}"  design="Bold" visible="{products>/simVisible}"/>
				<m:ComboBox value="{products>SimType}" editable="{products>/editable}" width="100%" placeholder="Sim Card Type" visible="{products>/simVisible}">
					<core:ListItem key="1" text="Normal"/>
					<core:ListItem key="2" text="Micro"/>
					<core:ListItem key="3" text="Nano"/>
				</m:ComboBox>
				<m:Label text="{i18n>InternetReq}" design="Bold" visible="{products>/simVisible}"/>
				<m:ComboBox value="{products>Internet}" editable="{products>/editable}" width="100%" placeholder="Internet Required" visible="{products>/simVisible}">
					<core:ListItem key="1" text="Yes"/>
					<core:ListItem key="2" text="No"/>
				</m:ComboBox>
				<core:Title/>
				<m:Label text="{i18n>Tripend}" design="Bold" required="true"/>
				<m:HBox>
					<m:DatePicker  value="{products>To}" editable="{ parts: [ {path: 'products>/dateChange'}, {path: 'products>/editable'} ], formatter: '.formatter.onDateChange' }"/>
					<m:TimePicker  value="11:10" 	valueFormat="HH:mm" displayFormat="HH:mm"  editable="{ parts: [ {path: 'products>/dateChange'}, {path: 'products>/editable'} ], formatter: '.formatter.onDateChange' }"/>
				</m:HBox>
				<m:Label text="{i18n>MobileNo}" design="Bold" required="true"/>
				<m:Input placeholder="Mobile No" value="{products>Mobile}" editable="{products>/editable}"/>
				<m:Label text="{i18n>ToCnty}" design="Bold" required="true"/>
				<m:Input placeholder="To Country" value="{products>ToCountry}" editable="{products>/editable}"/>
				<m:Label text="{i18n>ToLoc}" design="Bold" required="true"/>
				<m:Input placeholder="To Location" value="{products>ToLocation}" editable="{products>/editable}"/>
				<m:Label text="{i18n>Insurance}" design="Bold"/>
				<m:Input placeholder="Insurance" value="{products>Insurance}" editable="{products>/editable}"/>
				<m:Label text="{i18n>MealPref}" design="Bold" required="true"/>
				<m:ComboBox value="{products>Meal}" items="{detail>/MealPreference}" editable="{products>/editable}" width="100%" placeholder="Meal Preference">
					<core:ListItem key="{detail>key}" text="{detail>title}"/>
				</m:ComboBox>
				<m:Label text="{i18n>VisaAvailability}" design="Bold"/>
				<m:ComboBox value="{products>VisaAvailablity}" editable="{products>/editable}" width="100%" placeholder="Visa Availability">
					<core:ListItem key="1" text="No Valid Visa"/>
					<core:ListItem key="2" text="Zip and upload Passport and Visa"/>
				</m:ComboBox>
				<m:Label text="{i18n>TravelTo}" design="Bold" required="true"/>
				<m:ComboBox value="{products>TravelTo}" editable="{products>/editable}" width="100%" placeholder="Travel to">
					<core:ListItem key="1" text="Global Customer"/>
					<core:ListItem key="2" text="With in Bosch"/>
					<core:ListItem key="3" text="With in RBEI"/>
				</m:ComboBox>
				<m:Label text="{i18n>Comment}" design="Bold"/>
				<m:TextArea value="{products>Comment}" editable="{products>/editable}" width="100%" placeholder="Comment"/>
			</form:content>
		</form:SimpleForm>
	</m:VBox>
</core:FragmentDefinition>