<core:FragmentDefinition xmlns:m="sap.m" xmlns="sap.ui.layout" xmlns:form="sap.ui.layout.form" xmlns:core="sap.ui.core">
	<m:VBox class="sapUiSmallMargin">
		<form:SimpleForm editable="false" layout="ResponsiveGridLayout" labelSpanXL="4" labelSpanL="4" labelSpanM="4" labelSpanS="4"
			adjustLabelSpan="false" emptySpanXL="0" emptySpanL="0" emptySpanM="0" emptySpanS="0" columnsXL="3" columnsL="2" columnsM="2"
			singleContainerFullSize="false">
			<form:content>
				<core:Title/>
				<m:Label text="{i18n>TripStart}" design="Bold"/>
				<m:HBox>
					<m:Text text="{products>From}"/>
					<m:Text text="-"/>
					<m:Text text="11:10" />
				</m:HBox>
				<m:Label text="{i18n>FromCnty}" design="Bold"/>
				<m:Text text="{products>FromCountry}"/>
				<m:Label text="{i18n>FromLoc}" design="Bold"/>
				<m:Text text="{products>FromLocation}"/>
				<m:Label text="{i18n>Duration}" design="Bold"/>
				<m:Text text="{products>Duration}"/>
				<m:Label text="{i18n>TravelCategory}" design="Bold"/>
				<m:Text text="BUSR"/>
				<m:Label text="{i18n>VisaCategory}" design="Bold"/>
				<m:Text text="{products>Visa}"/>
				<m:Label text="{i18n>Purpose}" design="Bold"/>
				<m:Text text="{products>Purpose}"/>
				<m:Label text="{i18n>SimRequired}" design="Bold"/>
				<m:Text text="{products>Sim}"/>
				<m:Label text="{i18n>SimType}"  design="Bold"/>
				<m:Text text="{products>SimType}"/>
				<m:Label text="{i18n>InternetReq}" design="Bold"/>
				<m:Text text="{products>Internet}"/>
				<core:Title/>
				<m:Label text="{i18n>Tripend}" design="Bold"/>
				<m:HBox>
					<m:Text text="{products>To}"/>
					<m:Text text="-"/>
					<m:Text text="11:10" />
				</m:HBox>
				<m:Label text="{i18n>MobileNo}" design="Bold"/>
				<m:Text text="{products>Mobile}"/>
				<m:Label text="{i18n>ToCnty}" design="Bold"/>
				<m:Text text="{products>ToCountry}"/>
				<m:Label text="{i18n>ToLoc}" design="Bold"/>
				<m:Text text="{products>ToLocation}"/>
				<m:Label text="{i18n>Insurance}" design="Bold"/>
				<m:Text text="{products>Insurance}"/>
				<m:Label text="{i18n>MealPref}" design="Bold"/>
				<m:Text text="{products>Meal}"/>
				<m:Label text="{i18n>VisaAvailability}" design="Bold"/>
				<m:Text text="{products>VisaAvailablity}"/>
				<m:Label text="{i18n>TravelTo}" design="Bold"/>
				<m:Text text="{products>TravelTo}" />
				<m:Label text="{i18n>Comment}" design="Bold"/>
				<m:Text text="{products>Comment}" width="100%"/>
			</form:content>
		</form:SimpleForm>
	</m:VBox>
</core:FragmentDefinition>