<mvc:View controllerName="ui_app.ConnectedAssetPAI_MonitoringDashboard.controller.View1" xmlns:mvc="sap.ui.core.mvc" displayBlock="true"
	xmlns="sap.m" xmlns:tnt="sap.tnt" xmlns:l="sap.ui.layout" xmlns:suite="sap.suite.ui.commons" xmlns:viz="sap.viz.ui5.controls" width="100%"
	xmlns:core="sap.ui.core" height="100%">
	<App id="app">
		<pages>
			<Page id="ui_page" title="Digital Twin Monitoring Dashboard" class="titleMargin" showHeader="true" visible="false">
				<content>
					<tnt:ToolHeader class="subHeaderCSS" id="subHeaderTH" visible="false">
						<Label text="Plant :" design="Bold"/>
						<Text text="" id="plant" class="sapUiTinyMarginBegin"/>
						<Label text="WC : " id="wcLbl" design="Bold" visible="false"/>
						<Text text="" id="wc" class="sapUiTinyMarginBegin" visible="false"/>
						<Label text="" id="thingLbl" design="Bold"/>
						<Text text="" id="equipment" class="sapUiTinyMarginBegin"/>
						<ToolbarSpacer/>
						<!--<Button id="notifNumericContent" class="notifNumericContent" text="PM Notification : 0" type="Emphasized" icon="sap-icon://bell"
							visible="false" press="onPressNotification"/>-->
					</tnt:ToolHeader>
					<l:VerticalLayout id="oMsgLayout" width="100%" visible="false">
						<l:content></l:content>
					</l:VerticalLayout>
					<l:ResponsiveSplitter defaultPane="default" class="customBackgroundColor">
						<l:PaneContainer>
							<l:SplitPane requiredParentWidth="400" id="default">
								<FlexBox id="treeFB" direction="Column" alignItems="Start">
									<Tree id="DigitalTwinTree" items="{path: '/children'}" selectionChange="onSelect" mode="SingleSelectMaster">
										<StandardTreeItem title="{Name} - {Category}" selected="{selected}" icon="{Icon}" visible="{Visible}"/>
									</Tree>
								</FlexBox>
								<l:layoutData>
									<l:SplitterLayoutData size="250px"/>
								</l:layoutData>
							</l:SplitPane>
							<l:PaneContainer orientation="Vertical">
								<l:SplitPane requiredParentWidth="400">
									<Panel id="rightPanelForImg" height="100%"></Panel>
									<l:layoutData>
										<l:SplitterLayoutData size="500px"/>
									</l:layoutData>
								</l:SplitPane>
								<l:SplitPane requiredParentWidth="400">
									<Panel id="bottomPanelForChart" height="400px">
										<suite:ChartContainer title="Measure Trend Analysis (Last 1hr data)" showFullScreen="true" id="trendChartContainer">
											<suite:customIcons>
												<core:Icon id="customIcon1" src="sap-icon://refresh" tooltip="Refresh" press="onRefreshPress"></core:Icon>
											</suite:customIcons>
											<suite:ChartContainerContent icon="sap-icon://line-chart" title="">
												<suite:content>
													<viz:Popover id="trendPopOver"></viz:Popover>
													<viz:VizFrame id="propertyChart" uiConfig="{applicationSet:'fiori'}" height='340px' width="100%" vizType='line'></viz:VizFrame>
												</suite:content>
											</suite:ChartContainerContent>
										</suite:ChartContainer>
									</Panel>
									<l:layoutData>
										<l:SplitterLayoutData id="TrendChartSplitPane" size="auto"/>
									</l:layoutData>
								</l:SplitPane>
							</l:PaneContainer>
							<l:SplitPane requiredParentWidth="400">
								<Panel id="rightPanelForData" height="100%">
									<FlexBox alignItems="Center" justifyContent="Center" width="100%">
										<items>
											<Label id="lblFromDt" text="From:"/>
											<DateTimePicker id="FromDt" class="customDatePicker" displayFormat="yyyy-MM-ddTHH:mm:ss" valueFormat="yyyy-MM-ddTHH:mm:ss"
												change="handleFromDateChange"/>
											<Label id="lblTomDt" text="To:"/>
											<DateTimePicker id="ToDt" class="customDatePicker" displayFormat="yyyy-MM-ddTHH:mm:ss" valueFormat="yyyy-MM-ddTHH:mm:ss"
												change="handleToDateChange"/>
										</items>
									</FlexBox>
									<!--<FlexBox alignItems="Center" justifyContent="Center" width="100%">
										<items>
											<Button id="btnDtSubmit" type="Emphasized" text="Submit" press="onSubmitLoadData" enabled="false" class="sapUiSmallMarginEnd"/>
											<Button id="btnDtReset" type="Reject" text="Reset" press="onReset" enabled="false"/>
										</items>
									</FlexBox>-->
									<FlexBox alignItems="Center" justifyContent="Center" width="100%">
										<items>
											<GenericTile header="Total Alerts" subheader="" class="sapUiSmallMarginEnd tileSize" frameType="OneByOne" press="onPressNotification">
												<TileContent class="tileContentSize">
													<NumericContent value="" icon="sap-icon://bell" class="tileNumericContent" id="TotalAlertCount" withMargin="false"/>
												</TileContent>
											</GenericTile>
											<!--	<ToolbarSpacer width="2rem"/>-->
											<GenericTile header="No.of Critical Alerts" subheader="" frameType="OneByOne" class="tileSize">
												<TileContent class="tileContentSize">
													<NumericContent value="" icon="sap-icon://alert" class="tileNumericContent" id="CriticalAlertCount" withMargin="false"/>
												</TileContent>
											</GenericTile>
										</items>
									</FlexBox>
									<FlexBox alignItems="Center" justifyContent="Center" class="sapUiSmallMarginTop" width="100%">
										<items>
											<GenericTile header="Total Predictions" subheader="" class="sapUiSmallMarginEnd tileSize" frameType="OneByOne">
												<TileContent class="tileContentSize">
													<NumericContent value="" icon="sap-icon://future" class="tileNumericContent" id="PredictionCount" withMargin="false"/>
												</TileContent>
											</GenericTile>
											<!--	<ToolbarSpacer width="2rem"/>-->
											<GenericTile header="Total No.of Maintenance" subheader="" frameType="OneByOne" class="tileSize">
												<TileContent class="tileContentSize">
													<NumericContent value="" icon="sap-icon://wrench" class="tileNumericContent" id="MaintenanceCount" withMargin="false"/>
												</TileContent>
											</GenericTile>
										</items>
									</FlexBox>
									<FlexBox alignItems="Center" justifyContent="Center" class="sapUiSmallMarginTop" width="100%">
										<items>
											<Table id="idAlertsTable" inset="false" alternateRowColors="true" items="{ path: '/results', sorter: { path: 'MaintenanceNotification' } }">
												<headerToolbar>
													<OverflowToolbar>
														<Title text="List of alerts" level="H2"/>
													</OverflowToolbar>
												</headerToolbar>
												<columns>
													<Column>
														<Text text="Alert"/>
													</Column>
													<Column minScreenWidth="Tablet" demandPopin="true">
														<Text text="Time"/>
													</Column>
													<Column minScreenWidth="Tablet" demandPopin="true">
														<Text text="Text"/>
													</Column>
												</columns>
												<items>
													<ColumnListItem highlight="{path:'MaintPriority', formatter:'.formatRowHighlight'}">
														<cells>
															<Text text="{MaintenanceNotification}"/>
															<Text text="{NotificationCreationDate}"/>
															<Text text="{NotificationText}"/>
														</cells>
													</ColumnListItem>
												</items>
											</Table>
										</items>
									</FlexBox>
								</Panel>
								<l:layoutData>
									<l:SplitterLayoutData size="25%"/>
								</l:layoutData>
							</l:SplitPane>
						</l:PaneContainer>
					</l:ResponsiveSplitter>
				</content>
			</Page>
		</pages>
	</App>
</mvc:View>