<core:FragmentDefinition xmlns:m="sap.m" xmlns="sap.ui.layout" xmlns:form="sap.ui.layout.form" xmlns:core="sap.ui.core">
	<m:VBox class="sapUiSmallMargin">
		<form:SimpleForm editable="false" layout="ResponsiveGridLayout" labelSpanXL="4" labelSpanL="4" labelSpanM="4" labelSpanS="4"
			adjustLabelSpan="false" emptySpanXL="0" emptySpanL="0" emptySpanM="0" emptySpanS="0" columnsXL="3" columnsL="2" columnsM="2"
			singleContainerFullSize="false">
			<form:content>
				<core:Title/>
				<m:Label text="{i18n>Desc}" design="Bold"/>
				<m:Text id="txtarea3" text="{itenary3>/collection3/Optiontxt}"/>
				<m:Label text="{i18n>TotalFare}" design="Bold"/>
				<m:Text id="t10" text="{itenary3>/collection3/Tfare}"/>
				<core:Title/>
				<m:Label text="{i18n>SpecialNotes}" design="Bold"/>
				<m:Text id="t12" text="{itenary3>/collection3/Spnotes}"/>
				<m:Label text="{i18n>Charges}" design="Bold"/>
				<m:Text id="ch3" text="{ parts: [{path: 'itenary3>/collection3/AddCharge'} ], formatter: '.formatter.ChargeText' }"/>
				<m:Label text="{i18n>Amount}" design="Bold"/>
				<m:Text id="ch3Value" text="{itenary3>/collection3/AChargeAmt}"/>
			</form:content>
		</form:SimpleForm>
	</m:VBox>
</core:FragmentDefinition>