{
	"items": [{
		"Value": "CO2",
		"Emission": "20"
	}, {
		"Value": "CH4",
		"Emission": "40"
	}, {
		"Value": "NF3",
		"Emission": "60"
	}, {
		"Value": "Energy",
		"Emission": "20"
	}],
	"items1": [{
			"Value": "FL-01",
			"Emission": "20"
		},
		{
			"Value": "FL-02",
			"Emission": "50"
		},
		{
			"Value": "FL-03",
			"Emission": "60"
		},
		{
			"Value": "FL-04",
			"Emission": "80"
		}
	],
	"items2": [{
			"Value1": "10",
			"Value2": "20",
			"Shift":"Shift1"
		},{
			"Value1": "15",
			"Value2": "40",
			"Shift":"Shift2"
		},{
			"Value1": "60",
			"Value2": "20",
			"Shift":"Shift3"
		}
	]
}