<core:FragmentDefinition xmlns:m="sap.m" xmlns="sap.ui.layout" xmlns:form="sap.ui.layout.form" xmlns:core="sap.ui.core">
	<m:VBox class="sapUiSmallMargin">
		<form:SimpleForm editable="false" layout="ResponsiveGridLayout" labelSpanXL="4" labelSpanL="4" labelSpanM="4" labelSpanS="4" adjustLabelSpan="false" emptySpanXL="0" emptySpanL="0" emptySpanM="0" emptySpanS="0" columnsXL="3" columnsL="2" columnsM="2" singleContainerFullSize="false">
			<form:content>
				<core:Title/>
				<m:Label text="From Country" design="Bold"/>
				<m:Text text="India" />
				
				<m:Label text="From Date" design="Bold"/>
				<m:Text text="10/11/2020"/>
				
				<m:Label text="Contact No" design="Bold"/>
				<m:Text text="9876543210" />
				
				<m:Label text="Meal Preference" design="Bold"/>
				<m:Text text="Asian Food"/>
				
				<m:Label text="Seat Preference" design="Bold"/>
				<m:Text text="No" />
				
				<m:Label text="Vissa Type" design="Bold"/>
				<m:Text text="Test"/>
				
				
				<core:Title/>
				<m:Label text="To Country" design="Bold"/>
				<m:Text text="India"/>
				
				<m:Label text="End Date" design="Bold"/>
				<m:Text text="10/11/2020" />
				
				<m:Label text="Destination Contact No" design="Bold"/>
				<m:Text text="89332342323"/>
				
				<m:Label text="Personal Mail Id" design="Bold"/>
				<m:Text text="test@gmail.com" />
				
				<m:Label text="Frequent Flyer No." design="Bold"/>
				<m:Text text="Test"/>
				
			</form:content>
		</form:SimpleForm>
	</m:VBox>
</core:FragmentDefinition>