{
  "welcomeFile": "/test/flpSandbox.html",
  "routes": [
    {
      "path": "/sap/opu/odata",
      "target": {
        "type": "destination",
        "name": "Fiori_DEV_GD1CLNT100",
        "entryPath": "/sap/opu/odata"
      },
      "description": "Fiori_DEV_GD1CLNT100"
    },
    {
      "path": "/resources",
      "target": {
        "type": "service",
        "name": "sapui5",
        "preferLocal": true,
        "entryPath": "/resources",
        "version": "1.60.30"
      },
      "description": "SAPUI5 Resources"
    },
    {
      "path": "/sap/ui5/1/resources",
      "target": {
        "type": "service",
        "name": "sapui5",
        "preferLocal": true,
        "version": "1.60.30"
      },
      "description": "SAPUI5 dist layer resources"
    },
    {
      "path": "/resources",
      "target": {
        "type": "service",
        "name": "sapui5",
        "entryPath": "/resources",
        "version": "1.60.30"
      },
      "description": "SAPUI5 Resources"
    },
    {
      "path": "/test-resources",
      "target": {
        "type": "service",
        "name": "sapui5",
        "entryPath": "/test-resources",
        "version": "1.60.30"
      },
      "description": "SAPUI5 Test Resources"
    },
    {
      "path": "/sap/bc/lrep",
      "target": {
        "type": "destination",
        "name": "Fiori_DEV_GD1CLNT100",
        "entryPath": "/sap/bc/lrep"
      },
      "description": "Fiori_DEV_GD1CLNT100"
    },
    {
      "path": "/test-resources",
      "target": {
        "type": "service",
        "name": "sapui5",
        "entryPath": "/test-resources",
        "version": "1.60.30"
      },
      "description": "SAPUI5 Test Resources"
    },
    {
      "path": "/",
      "target": {
        "type": "application",
        "name": "flpsandbox",
        "preferLocal": true
      },
      "description": "Subscribed Fiori LaunchPad"
    },
    {
      "path": "/sap/bc/ui5_ui5",
      "target": {
        "type": "destination",
        "name": "Fiori_DEV_GD1CLNT100",
        "entryPath": "/sap/bc/ui5_ui5"
      },
      "description": "Fiori_DEV_GD1CLNT100"
    }
  ],
  "sendWelcomeFileRedirect": true
}