{
    "resources": [
        {
            "name": "Component-preload.js",
            "merged": true
        },
        {
            "name": "i18n/ListReport/ZBW_CON_RTR_STOCKTRAN_002Results/i18n.properties",
            "raw": "i18n/i18n.properties"
        },
        {
            "name": "ext/controller/ListReportExt.controller.js"
        },
        {
            "name": "manifest.json"
        },
        {
            "name": "localService/mockserver.js"
        },
        {
            "name": "Component.js"
        },
        {
            "name": "manifest-bundle.zip"
        },
        {
            "name": "i18n/i18n.properties",
            "raw": "i18n/i18n.properties"
        },
        {
            "name": "ext/controller/ListReportExt-dbg.controller.js",
            "isDebug": true
        },
        {
            "name": "localService/mockserver-dbg.js",
            "isDebug": true
        },
        {
            "name": "Component-dbg.js",
            "isDebug": true
        },
        {
            "name": "../../../sap-ui-version.json"
        },
        {
            "name": "neo-app.json"
        },
        {
            "name": "di.code-validation.core_issues.json"
        },
        {
            "name": "ext/fragment/Customfilter.fragment.xml"
        },
        {
            "name": "localService/metadata.xml"
        },
        {
            "name": "localService/ZBW_CON_RTR_STOCKTRAN_002_CD_VAN.xml"
        },
        {
            "name": "annotations/annotations.xml"
        }
    ]
}