{
  "localService/ZBW_CON_RTR_STOCKTRAN_002_CD_VAN.xml": 1599549874000,
  "i18n/ListReport/ZBW_CON_RTR_STOCKTRAN_002Results/i18n.properties": 1599549874000,
  "ext/controller/ListReportExt.controller.js": 1599549874000,
  "manifest.json": 1599560768623,
  "test/fakeLRep.json": 1599549874000,
  "localService/mockserver.js": 1599549874000,
  "Component.js": 1599549874000,
  "manifest-bundle.zip": 1599560768656,
  "Component-preload.js": 1599560768960,
  "ext/controller/ListReportExt-dbg.controller.js": 1599549874000,
  "localService/mockserver-dbg.js": 1599549874000,
  "Component-dbg.js": 1599549874000,
  "neo-app.json": 1599560769085,
  "di.code-validation.core_issues.json": 1599560772961,
  "resources.json": 1599560772975,
  "ext/fragment/Customfilter.fragment.xml": 1599549874000,
  "test/flpSandboxMockServer.html": 1599549874000,
  "test/flpSandbox.html": 1599549874000,
  "localService/metadata.xml": 1599549874000,
  "i18n/i18n.properties": 1599549874000,
  "annotations/annotations.xml": 1599549874000
}