<edmx:Edmx xmlns:edmx="http://schemas.microsoft.com/ado/2007/06/edmx"
	xmlns:m="http://schemas.microsoft.com/ado/2007/08/dataservices/metadata" xmlns:sap="http://www.sap.com/Protocols/SAPData" Version="1.0">
	<edmx:Reference xmlns:edmx="http://docs.oasis-open.org/odata/ns/edmx"
		Uri="./IWFND/CATALOGSERVICE;v=2/Vocabularies(TechnicalName='%2FIWBEP%2FVOC_COMMON',Version='0001',SAP__Origin='S4HCLNT100')/$value"><edmx:Include Namespace="com.sap.vocabularies.Common.v1" Alias="Common"/></edmx:Reference>
	<edmx:Reference xmlns:edmx="http://docs.oasis-open.org/odata/ns/edmx"
		Uri="./IWFND/CATALOGSERVICE;v=2/Vocabularies(TechnicalName='%2FIWBEP%2FVOC_CAPABILITIES',Version='0001',SAP__Origin='S4HCLNT100')/$value"><edmx:Include Namespace="Org.OData.Capabilities.V1" Alias="Capabilities"/></edmx:Reference>
	<edmx:Reference xmlns:edmx="http://docs.oasis-open.org/odata/ns/edmx"
		Uri="./IWFND/CATALOGSERVICE;v=2/Vocabularies(TechnicalName='%2FIWBEP%2FVOC_COMMUNICATION',Version='0001',SAP__Origin='S4HCLNT100')/$value"><edmx:Include Namespace="com.sap.vocabularies.Communication.v1" Alias="Communication"/></edmx:Reference>
	<edmx:DataServices m:DataServiceVersion="2.0">
		<Schema xmlns="http://schemas.microsoft.com/ado/2008/09/edm" Namespace="ZBW_CON_RTR_STOCKTRAN_002_CDS" xml:lang="en" sap:schema-version="1">
			<EntityType Name="ZBW_CCV_DTS_MAT_001Type" sap:label="CDS for F4 Help Material" sap:value-list="true" sap:content-version="1">
				<Key><PropertyRef Name="Material"/></Key><Property Name="Material" Type="Edm.String" Nullable="false" MaxLength="40" sap:display-format="UpperCase" sap:label="Material"
					sap:quickinfo="Material Number"/><Property Name="MaterialName" Type="Edm.String" MaxLength="40" sap:label="Material description"/></EntityType>
			<EntityType Name="ZBW_CCV_DTS_PLANT_001Type" sap:label="F4 help Plant" sap:value-list="true" sap:content-version="1">
				<Key><PropertyRef Name="Plant"/></Key><Property Name="Plant" Type="Edm.String" Nullable="false" MaxLength="4" sap:display-format="UpperCase" sap:text="PlantName"
					sap:label="Plant"/><Property Name="PlantName" Type="Edm.String" MaxLength="30" sap:label="Plant Name"/></EntityType>
			<EntityType Name="ZBW_CCV_DTS_SUPCOMP_001Type" sap:label="CDS for F4 help Plant" sap:value-list="true" sap:content-version="1">
				<Key><PropertyRef Name="bukrs"/></Key><Property Name="bukrs" Type="Edm.String" Nullable="false" MaxLength="4" sap:display-format="UpperCase" sap:label="Company Code"/><Property Name="butxt" Type="Edm.String" MaxLength="25" sap:label="Company Name" sap:quickinfo="Name of Company Code or Company"/></EntityType>
			<EntityType Name="ZBW_CCV_RTR_CUSTOMER_001Type" sap:label="F4 Help for Customer" sap:value-list="true" sap:content-version="1">
				<Key><PropertyRef Name="Customer"/></Key><Property Name="Customer" Type="Edm.String" Nullable="false" MaxLength="10" sap:display-format="UpperCase" sap:text="CustomerName"
					sap:label="Customer" sap:quickinfo="Customer Number"/><Property Name="CustomerName" Type="Edm.String" MaxLength="80" sap:label="Name of Customer"/></EntityType>
			<EntityType Name="ZBW_CCV_RTR_PUR_ORDER_001Type" sap:label="CDS for F4 help Plant" sap:value-list="true" sap:content-version="1">
				<Key><PropertyRef Name="PurchasingDocument"/><PropertyRef Name="PurchasingDocumentItem"/></Key><Property Name="PurchasingDocument" Type="Edm.String" Nullable="false" MaxLength="10" sap:display-format="UpperCase"
					sap:label="Purchasing Document" sap:quickinfo="Purchasing Document Number"/><Property Name="PurchasingDocumentItem" Type="Edm.String" Nullable="false" MaxLength="5" sap:display-format="NonNegative" sap:label="Item"
					sap:quickinfo="Item Number of Purchasing Document"/><Property Name="Material" Type="Edm.String" MaxLength="40" sap:display-format="UpperCase" sap:label="Material"
					sap:quickinfo="Material Number"/><Property Name="PurchasingDocumentItemText" Type="Edm.String" MaxLength="40" sap:label="Short Text"/></EntityType>
			<EntityType Name="ZBW_CCV_RTR_SPLSTKINFD_001Type" sap:label="F4 Help for Customer" sap:value-list="true" sap:content-version="1">
				<Key><PropertyRef Name="sobkz"/></Key><Property Name="sobkz" Type="Edm.String" Nullable="false" MaxLength="1" sap:display-format="UpperCase" sap:label="Special Stock"
					sap:quickinfo="Special Stock Indicator"/><Property Name="sotxt" Type="Edm.String" MaxLength="20" sap:label="Special stock descr." sap:quickinfo="Description of special stock"/></EntityType>
			<EntityType Name="ZBW_CCV_RTR_VENDOR_001Type" sap:label="F4 Help for Vendor" sap:value-list="true" sap:content-version="1">
				<Key><PropertyRef Name="Supplier"/></Key><Property Name="Supplier" Type="Edm.String" Nullable="false" MaxLength="10" sap:display-format="UpperCase" sap:text="SupplierName"
					sap:label="Vendor" sap:quickinfo="Account Number of Vendor or Creditor"/><Property Name="SupplierName" Type="Edm.String" MaxLength="80" sap:label="Name of Supplier"/></EntityType>
			<EntityType Name="ZBW_CON_RTR_STOCKTRAN_002Result" sap:semantics="aggregate" sap:label="Stock In Transit-Fiory" sap:content-version="1">
				<Key><PropertyRef Name="ID"/></Key><Property Name="ID" Type="Edm.String" Nullable="false" sap:sortable="false" sap:filterable="false"/><Property Name="PurchaseOrder" Type="Edm.String" MaxLength="10" sap:aggregation-role="dimension" sap:display-format="UpperCase"
					sap:required-in-filter="false" sap:label="Purchasing Document" sap:quickinfo="Purchase Order Number" sap:value-list="standard"/><Property Name="PurchaseOrderItem" Type="Edm.String" MaxLength="5" sap:aggregation-role="dimension" sap:display-format="NonNegative"
					sap:filter-restriction="single-value" sap:required-in-filter="false" sap:label="Purchasing Document Item"
					sap:quickinfo="Item Number of Purchase Order" sap:value-list="standard"/><Property Name="Customer" Type="Edm.String" MaxLength="10" sap:aggregation-role="dimension" sap:display-format="UpperCase"
					sap:filter-restriction="single-value" sap:required-in-filter="false" sap:label="IC Customer" sap:quickinfo="Customer Number"
					sap:value-list="standard"/><Property Name="Vendor" Type="Edm.String" MaxLength="10" sap:aggregation-role="dimension" sap:display-format="UpperCase"
					sap:filter-restriction="single-value" sap:required-in-filter="false" sap:label="IC Vendor" sap:quickinfo="Vendor's account number"
					sap:value-list="standard"/><Property Name="Material" Type="Edm.String" MaxLength="40" sap:aggregation-role="dimension" sap:display-format="UpperCase"
					sap:filter-restriction="single-value" sap:required-in-filter="false" sap:label="Material" sap:quickinfo="Material Number"
					sap:value-list="standard"/><Property Name="GoodsIssuePostingDate" Type="Edm.DateTime" Precision="0" sap:aggregation-role="dimension" sap:display-format="Date"
					sap:label="Good Issue Posting Date" sap:quickinfo="Date data element for SYST"/><Property Name="GoodsReceiptPostingDate" Type="Edm.DateTime" Precision="0" sap:aggregation-role="dimension" sap:display-format="Date"
					sap:label="Good Receipt Posting Date" sap:quickinfo="Date data element for SYST"/><Property Name="ReceivingCompanyCode" Type="Edm.String" MaxLength="4" sap:aggregation-role="dimension" sap:display-format="UpperCase"
					sap:filter-restriction="single-value" sap:required-in-filter="false" sap:label="Receiving Company Code" sap:value-list="standard"/><Property Name="ReceivingPlant" Type="Edm.String" MaxLength="4" sap:aggregation-role="dimension" sap:display-format="UpperCase"
					sap:filter-restriction="single-value" sap:required-in-filter="false" sap:label="Receiving Plant" sap:value-list="standard"/><Property Name="IssuingCompanyCode" Type="Edm.String" MaxLength="4" sap:aggregation-role="dimension" sap:display-format="UpperCase"
					sap:label="Supplying Company Code" sap:quickinfo="Issuing Company Code" sap:value-list="standard"/><Property Name="IssuingPlant" Type="Edm.String" MaxLength="4" sap:aggregation-role="dimension" sap:display-format="UpperCase"
					sap:filter-restriction="single-value" sap:required-in-filter="false" sap:label="Supplying Plant" sap:quickinfo="Issuing Plant"
					sap:value-list="standard"/><Property Name="ProfitCenter" Type="Edm.String" MaxLength="10" sap:aggregation-role="dimension" sap:display-format="UpperCase"
					sap:label="Profit Center"/><Property Name="SourceofManufacturing" Type="Edm.String" MaxLength="10" sap:aggregation-role="dimension" sap:display-format="UpperCase"
					sap:label="Source of Manufacturing" sap:quickinfo="Valuation Type"/><Property Name="SpecialStockIndicator" Type="Edm.String" MaxLength="1" sap:aggregation-role="dimension" sap:display-format="UpperCase"
					sap:filter-restriction="single-value" sap:required-in-filter="false" sap:label="Special Stock Indicator" sap:value-list="standard"/><Property Name="BaseUnit" Type="Edm.String" MaxLength="3" sap:aggregation-role="dimension" sap:label="Base UOM"
					sap:quickinfo="Purchase Order Unit of Measure" sap:semantics="unit-of-measure"/><Property Name="PurchaseOrderItemQuantity" Type="Edm.Decimal" Precision="13" Scale="3" sap:aggregation-role="measure" sap:unit="BaseUnit"
					sap:label="PO Quantity" sap:quickinfo="Purchase Order Quantity" sap:filterable="false"/><Property Name="GlobalCurrency" Type="Edm.String" MaxLength="5" sap:aggregation-role="dimension" sap:label="Group Currency Key"
					sap:quickinfo="Global Currency" sap:semantics="currency-code"/><Property Name="CompanyCodeCurrency" Type="Edm.String" MaxLength="5" sap:aggregation-role="dimension" sap:label="Local Currency Key"
					sap:quickinfo="Company Code Currency" sap:semantics="currency-code"/><Property Name="AmountinGlobalCurrency" Type="Edm.Decimal" Precision="24" Scale="3" sap:aggregation-role="measure" sap:unit="GlobalCurrency"
					sap:label="Amount in Group Currency" sap:quickinfo="Amount in Global Currency" sap:filterable="false"/><Property Name="AmountinCompanyCodeCurrency" Type="Edm.Decimal" Precision="24" Scale="3" sap:aggregation-role="measure"
					sap:unit="CompanyCodeCurrency" sap:label="Amount in Local Currency" sap:quickinfo="Amount in Company Code Currency" sap:filterable="false"/><Property Name="OrderCurrency" Type="Edm.String" MaxLength="5" sap:aggregation-role="dimension" sap:label="Order Currency"
					sap:quickinfo="Currency Key" sap:semantics="currency-code"/><Property Name="QuantityinBUoM" Type="Edm.String" MaxLength="3" sap:aggregation-role="dimension" sap:label="Quantity in BUoM"
					sap:quickinfo="Base Unit of Measure" sap:semantics="unit-of-measure"/><Property Name="QuantityinOUoM" Type="Edm.Decimal" Precision="13" Scale="3" sap:aggregation-role="dimension" sap:label="Quantity in OUoM"
					sap:quickinfo="Purchase Order Quantity"/><Property Name="DeletionIndicator" Type="Edm.String" MaxLength="1" sap:aggregation-role="dimension" sap:display-format="UpperCase"
					sap:label="Scope of List:Include Deleted/Blocked PO" sap:quickinfo="Deletion indicator in purchasing document"/><Property Name="IsCompletelyDelivered" Type="Edm.Boolean" sap:aggregation-role="dimension" sap:display-format="UpperCase"
					sap:label="Scope of List:POs with Delivery Complete" sap:quickinfo="&quot;Delivery Completed&quot; Indicator"/><Property Name="PurchasingDocumentType" Type="Edm.String" MaxLength="4" sap:aggregation-role="dimension" sap:display-format="UpperCase"
					sap:label="Scope of List: Cross-CC STO(Z004)" sap:quickinfo="Purchasing Document Type"/><Property Name="PostingDate" Type="Edm.DateTime" Precision="0" sap:aggregation-role="dimension" sap:display-format="Date"
					sap:label="Key Date" sap:quickinfo="Posting Date in the Document"/><NavigationProperty Name="Parameters" Relationship="ZBW_CON_RTR_STOCKTRAN_002_CDS.assoc_B5B5DF5BA737DEFBDED63CA444BA66EB"
					FromRole="ToRole_assoc_B5B5DF5BA737DEFBDED63CA444BA66EB" ToRole="FromRole_assoc_B5B5DF5BA737DEFBDED63CA444BA66EB" sap:filterable="false"/></EntityType>
			<EntityType Name="ZBW_CON_RTR_STOCKTRAN_002Parameters" sap:semantics="parameters" sap:content-version="1">
				<Key><PropertyRef Name="P_keydate"/></Key><Property Name="P_keydate" Type="Edm.DateTime" Nullable="false" Precision="0" sap:display-format="Date" sap:parameter="mandatory"
					sap:label="Current Date" sap:creatable="false" sap:updatable="false" sap:sortable="false" sap:filterable="false"/><NavigationProperty Name="Results" Relationship="ZBW_CON_RTR_STOCKTRAN_002_CDS.assoc_B5B5DF5BA737DEFBDED63CA444BA66EB"
					FromRole="FromRole_assoc_B5B5DF5BA737DEFBDED63CA444BA66EB" ToRole="ToRole_assoc_B5B5DF5BA737DEFBDED63CA444BA66EB"/></EntityType>
			<Association Name="assoc_B5B5DF5BA737DEFBDED63CA444BA66EB" sap:content-version="1"><End Type="ZBW_CON_RTR_STOCKTRAN_002_CDS.ZBW_CON_RTR_STOCKTRAN_002Parameters" Multiplicity="1"
				Role="FromRole_assoc_B5B5DF5BA737DEFBDED63CA444BA66EB"/><End Type="ZBW_CON_RTR_STOCKTRAN_002_CDS.ZBW_CON_RTR_STOCKTRAN_002Result" Multiplicity="*"
				Role="ToRole_assoc_B5B5DF5BA737DEFBDED63CA444BA66EB"/></Association>
			<EntityContainer Name="ZBW_CON_RTR_STOCKTRAN_002_CDS_Entities" m:IsDefaultEntityContainer="true" sap:supported-formats="atom json xlsx"><EntitySet Name="ZBW_CCV_DTS_MAT_001" EntityType="ZBW_CON_RTR_STOCKTRAN_002_CDS.ZBW_CCV_DTS_MAT_001Type" sap:creatable="false"
				sap:updatable="false" sap:deletable="false" sap:searchable="true" sap:content-version="1"/><EntitySet Name="ZBW_CCV_DTS_PLANT_001" EntityType="ZBW_CON_RTR_STOCKTRAN_002_CDS.ZBW_CCV_DTS_PLANT_001Type" sap:creatable="false"
				sap:updatable="false" sap:deletable="false" sap:searchable="true" sap:content-version="1"/><EntitySet Name="ZBW_CCV_DTS_SUPCOMP_001" EntityType="ZBW_CON_RTR_STOCKTRAN_002_CDS.ZBW_CCV_DTS_SUPCOMP_001Type" sap:creatable="false"
				sap:updatable="false" sap:deletable="false" sap:content-version="1"/><EntitySet Name="ZBW_CCV_RTR_CUSTOMER_001" EntityType="ZBW_CON_RTR_STOCKTRAN_002_CDS.ZBW_CCV_RTR_CUSTOMER_001Type" sap:creatable="false"
				sap:updatable="false" sap:deletable="false" sap:content-version="1"/><EntitySet Name="ZBW_CCV_RTR_PUR_ORDER_001" EntityType="ZBW_CON_RTR_STOCKTRAN_002_CDS.ZBW_CCV_RTR_PUR_ORDER_001Type" sap:creatable="false"
				sap:updatable="false" sap:deletable="false" sap:content-version="1"/><EntitySet Name="ZBW_CCV_RTR_SPLSTKINFD_001" EntityType="ZBW_CON_RTR_STOCKTRAN_002_CDS.ZBW_CCV_RTR_SPLSTKINFD_001Type" sap:creatable="false"
				sap:updatable="false" sap:deletable="false" sap:content-version="1"/><EntitySet Name="ZBW_CCV_RTR_VENDOR_001" EntityType="ZBW_CON_RTR_STOCKTRAN_002_CDS.ZBW_CCV_RTR_VENDOR_001Type" sap:creatable="false"
				sap:updatable="false" sap:deletable="false" sap:content-version="1"/><EntitySet Name="ZBW_CON_RTR_STOCKTRAN_002Results" EntityType="ZBW_CON_RTR_STOCKTRAN_002_CDS.ZBW_CON_RTR_STOCKTRAN_002Result"
				sap:creatable="false" sap:updatable="false" sap:deletable="false" sap:searchable="true" sap:addressable="false" sap:content-version="1"/><EntitySet Name="ZBW_CON_RTR_STOCKTRAN_002" EntityType="ZBW_CON_RTR_STOCKTRAN_002_CDS.ZBW_CON_RTR_STOCKTRAN_002Parameters"
				sap:creatable="false" sap:updatable="false" sap:deletable="false" sap:pageable="false" sap:content-version="1"/>
				<AssociationSet Name="assoc_B5B5DF5BA737DEFBDED63CA444BA66EB"
					Association="ZBW_CON_RTR_STOCKTRAN_002_CDS.assoc_B5B5DF5BA737DEFBDED63CA444BA66EB" sap:creatable="false" sap:updatable="false"
					sap:deletable="false" sap:content-version="1"><End EntitySet="ZBW_CON_RTR_STOCKTRAN_002" Role="FromRole_assoc_B5B5DF5BA737DEFBDED63CA444BA66EB"/><End EntitySet="ZBW_CON_RTR_STOCKTRAN_002Results" Role="ToRole_assoc_B5B5DF5BA737DEFBDED63CA444BA66EB"/></AssociationSet>
			</EntityContainer>
			<Annotations xmlns="http://docs.oasis-open.org/odata/ns/edm"
				Target="ZBW_CON_RTR_STOCKTRAN_002_CDS.ZBW_CON_RTR_STOCKTRAN_002Result/PurchaseOrder">
				<Annotation Term="Common.ValueList">
					<Record><PropertyValue Property="Label" String="CDS for F4 help Plant"/><PropertyValue Property="CollectionPath" String="ZBW_CCV_RTR_PUR_ORDER_001"/><PropertyValue Property="SearchSupported" Bool="false"/>
						<PropertyValue Property="Parameters">
							<Collection>
								<Record Type="Common.ValueListParameterInOut"><PropertyValue Property="LocalDataProperty" PropertyPath="PurchaseOrder"/><PropertyValue Property="ValueListProperty" String="PurchasingDocument"/></Record>
								<Record Type="Common.ValueListParameterDisplayOnly"><PropertyValue Property="ValueListProperty" String="PurchasingDocumentItem"/></Record>
								<Record Type="Common.ValueListParameterDisplayOnly"><PropertyValue Property="ValueListProperty" String="Material"/></Record>
								<Record Type="Common.ValueListParameterDisplayOnly"><PropertyValue Property="ValueListProperty" String="PurchasingDocumentItemText"/></Record>
							</Collection>
						</PropertyValue>
					</Record>
				</Annotation>
			</Annotations>
			<Annotations xmlns="http://docs.oasis-open.org/odata/ns/edm"
				Target="ZBW_CON_RTR_STOCKTRAN_002_CDS.ZBW_CON_RTR_STOCKTRAN_002Result/PurchaseOrderItem">
				<Annotation Term="Common.ValueList">
					<Record><PropertyValue Property="Label" String="CDS for F4 help Plant"/><PropertyValue Property="CollectionPath" String="ZBW_CCV_RTR_PUR_ORDER_001"/><PropertyValue Property="SearchSupported" Bool="false"/>
						<PropertyValue Property="Parameters">
							<Collection>
								<Record Type="Common.ValueListParameterInOut"><PropertyValue Property="LocalDataProperty" PropertyPath="PurchaseOrderItem"/><PropertyValue Property="ValueListProperty" String="PurchasingDocumentitem"/></Record>
								<Record Type="Common.ValueListParameterDisplayOnly"><PropertyValue Property="ValueListProperty" String="PurchasingDocument"/></Record>
								<Record Type="Common.ValueListParameterDisplayOnly"><PropertyValue Property="ValueListProperty" String="PurchasingDocumentItem"/></Record>
								<Record Type="Common.ValueListParameterDisplayOnly"><PropertyValue Property="ValueListProperty" String="Material"/></Record>
								<Record Type="Common.ValueListParameterDisplayOnly"><PropertyValue Property="ValueListProperty" String="PurchasingDocumentItemText"/></Record>
							</Collection>
						</PropertyValue>
					</Record>
				</Annotation>
			</Annotations>
			<Annotations xmlns="http://docs.oasis-open.org/odata/ns/edm" Target="ZBW_CON_RTR_STOCKTRAN_002_CDS.ZBW_CON_RTR_STOCKTRAN_002Result/Customer">
				<Annotation Term="Common.ValueList">
					<Record><PropertyValue Property="Label" String="F4 Help for Customer"/><PropertyValue Property="CollectionPath" String="ZBW_CCV_RTR_CUSTOMER_001"/><PropertyValue Property="SearchSupported" Bool="false"/>
						<PropertyValue Property="Parameters">
							<Collection>
								<Record Type="Common.ValueListParameterInOut"><PropertyValue Property="LocalDataProperty" PropertyPath="Customer"/><PropertyValue Property="ValueListProperty" String="Customer"/></Record>
								<Record Type="Common.ValueListParameterDisplayOnly"><PropertyValue Property="ValueListProperty" String="CustomerName"/></Record>
							</Collection>
						</PropertyValue>
					</Record>
				</Annotation>
			</Annotations>
			<Annotations xmlns="http://docs.oasis-open.org/odata/ns/edm" Target="ZBW_CON_RTR_STOCKTRAN_002_CDS.ZBW_CON_RTR_STOCKTRAN_002Result/Vendor">
				<Annotation Term="Common.ValueList">
					<Record><PropertyValue Property="Label" String="F4 Help for Vendor"/><PropertyValue Property="CollectionPath" String="ZBW_CCV_RTR_VENDOR_001"/><PropertyValue Property="SearchSupported" Bool="false"/>
						<PropertyValue Property="Parameters">
							<Collection>
								<Record Type="Common.ValueListParameterInOut"><PropertyValue Property="LocalDataProperty" PropertyPath="Vendor"/><PropertyValue Property="ValueListProperty" String="Supplier"/></Record>
								<Record Type="Common.ValueListParameterDisplayOnly"><PropertyValue Property="ValueListProperty" String="SupplierName"/></Record>
							</Collection>
						</PropertyValue>
					</Record>
				</Annotation>
			</Annotations>
			<Annotations xmlns="http://docs.oasis-open.org/odata/ns/edm" Target="ZBW_CON_RTR_STOCKTRAN_002_CDS.ZBW_CON_RTR_STOCKTRAN_002Result/Material">
				<Annotation Term="Common.ValueList">
					<Record><PropertyValue Property="Label" String="CDS for F4 Help Material"/><PropertyValue Property="CollectionPath" String="ZBW_CCV_DTS_MAT_001"/><PropertyValue Property="SearchSupported" Bool="true"/>
						<PropertyValue Property="Parameters">
							<Collection>
								<Record Type="Common.ValueListParameterInOut"><PropertyValue Property="LocalDataProperty" PropertyPath="Material"/><PropertyValue Property="ValueListProperty" String="Material"/></Record>
								<Record Type="Common.ValueListParameterDisplayOnly"><PropertyValue Property="ValueListProperty" String="MaterialName"/></Record>
							</Collection>
						</PropertyValue>
					</Record>
				</Annotation>
			</Annotations>
			<Annotations xmlns="http://docs.oasis-open.org/odata/ns/edm"
				Target="ZBW_CON_RTR_STOCKTRAN_002_CDS.ZBW_CON_RTR_STOCKTRAN_002Result/ReceivingCompanyCode">
				<Annotation Term="Common.ValueList">
					<Record><PropertyValue Property="Label" String="CDS for F4 help Plant"/><PropertyValue Property="CollectionPath" String="ZBW_CCV_DTS_SUPCOMP_001"/><PropertyValue Property="SearchSupported" Bool="false"/>
						<PropertyValue Property="Parameters">
							<Collection>
								<Record Type="Common.ValueListParameterInOut"><PropertyValue Property="LocalDataProperty" PropertyPath="ReceivingCompanyCode"/><PropertyValue Property="ValueListProperty" String="bukrs"/></Record>
								<Record Type="Common.ValueListParameterDisplayOnly"><PropertyValue Property="ValueListProperty" String="butxt"/></Record>
							</Collection>
						</PropertyValue>
					</Record>
				</Annotation>
			</Annotations>
			<Annotations xmlns="http://docs.oasis-open.org/odata/ns/edm"
				Target="ZBW_CON_RTR_STOCKTRAN_002_CDS.ZBW_CON_RTR_STOCKTRAN_002Result/ReceivingPlant">
				<Annotation Term="Common.ValueList">
					<Record><PropertyValue Property="Label" String="F4 help Plant"/><PropertyValue Property="CollectionPath" String="ZBW_CCV_DTS_PLANT_001"/><PropertyValue Property="SearchSupported" Bool="true"/>
						<PropertyValue Property="Parameters">
							<Collection>
								<Record Type="Common.ValueListParameterInOut"><PropertyValue Property="LocalDataProperty" PropertyPath="ReceivingPlant"/><PropertyValue Property="ValueListProperty" String="Plant"/></Record>
								<Record Type="Common.ValueListParameterDisplayOnly"><PropertyValue Property="ValueListProperty" String="PlantName"/></Record>
							</Collection>
						</PropertyValue>
					</Record>
				</Annotation>
			</Annotations>
			<Annotations xmlns="http://docs.oasis-open.org/odata/ns/edm"
				Target="ZBW_CON_RTR_STOCKTRAN_002_CDS.ZBW_CON_RTR_STOCKTRAN_002Result/IssuingCompanyCode">
				<Annotation Term="Common.ValueList">
					<Record><PropertyValue Property="Label" String="CDS for F4 help Plant"/><PropertyValue Property="CollectionPath" String="ZBW_CCV_DTS_SUPCOMP_001"/><PropertyValue Property="SearchSupported" Bool="false"/>
						<PropertyValue Property="Parameters">
							<Collection>
								<Record Type="Common.ValueListParameterInOut"><PropertyValue Property="LocalDataProperty" PropertyPath="IssuingCompanyCode"/><PropertyValue Property="ValueListProperty" String="bukrs"/></Record>
								<Record Type="Common.ValueListParameterDisplayOnly"><PropertyValue Property="ValueListProperty" String="butxt"/></Record>
							</Collection>
						</PropertyValue>
					</Record>
				</Annotation>
			</Annotations>
			<Annotations xmlns="http://docs.oasis-open.org/odata/ns/edm"
				Target="ZBW_CON_RTR_STOCKTRAN_002_CDS.ZBW_CON_RTR_STOCKTRAN_002Result/IssuingPlant">
				<Annotation Term="Common.ValueList">
					<Record><PropertyValue Property="Label" String="F4 help Plant"/><PropertyValue Property="CollectionPath" String="ZBW_CCV_DTS_PLANT_001"/><PropertyValue Property="SearchSupported" Bool="true"/>
						<PropertyValue Property="Parameters">
							<Collection>
								<Record Type="Common.ValueListParameterInOut"><PropertyValue Property="LocalDataProperty" PropertyPath="IssuingPlant"/><PropertyValue Property="ValueListProperty" String="Plant"/></Record>
								<Record Type="Common.ValueListParameterDisplayOnly"><PropertyValue Property="ValueListProperty" String="PlantName"/></Record>
							</Collection>
						</PropertyValue>
					</Record>
				</Annotation>
			</Annotations>
			<Annotations xmlns="http://docs.oasis-open.org/odata/ns/edm"
				Target="ZBW_CON_RTR_STOCKTRAN_002_CDS.ZBW_CON_RTR_STOCKTRAN_002Result/SpecialStockIndicator">
				<Annotation Term="Common.ValueList">
					<Record><PropertyValue Property="Label" String="F4 Help for Customer"/><PropertyValue Property="CollectionPath" String="ZBW_CCV_RTR_SPLSTKINFD_001"/><PropertyValue Property="SearchSupported" Bool="false"/>
						<PropertyValue Property="Parameters">
							<Collection>
								<Record Type="Common.ValueListParameterInOut"><PropertyValue Property="LocalDataProperty" PropertyPath="SpecialStockIndicator"/><PropertyValue Property="ValueListProperty" String="SOBKZ"/></Record>
								<Record Type="Common.ValueListParameterDisplayOnly"><PropertyValue Property="ValueListProperty" String="sobkz"/></Record>
								<Record Type="Common.ValueListParameterDisplayOnly"><PropertyValue Property="ValueListProperty" String="sotxt"/></Record>
							</Collection>
						</PropertyValue>
					</Record>
				</Annotation>
			</Annotations>
			<Annotations xmlns="http://docs.oasis-open.org/odata/ns/edm"
				Target="ZBW_CON_RTR_STOCKTRAN_002_CDS.ZBW_CON_RTR_STOCKTRAN_002_CDS_Entities/ZBW_CON_RTR_STOCKTRAN_002">
				<Annotation Term="Capabilities.FilterRestrictions">
					<Record>
						<PropertyValue Property="NonFilterableProperties">
							<Collection>
								<PropertyPath>P_KEYDATE</PropertyPath>
							</Collection>
						</PropertyValue>
					</Record>
				</Annotation>
				<Annotation Term="Capabilities.NavigationRestrictions">
					<Record>
						<PropertyValue Property="RestrictedProperties">
							<Collection>
								<Record><PropertyValue Property="NavigationProperty" NavigationPropertyPath="Parameters"/>
									<PropertyValue Property="FilterRestrictions">
										<Record><PropertyValue Property="Filterable" Bool="false"/></Record>
									</PropertyValue>
								</Record>
							</Collection>
						</PropertyValue>
					</Record>
				</Annotation>
				<Annotation Term="Capabilities.SortRestrictions">
					<Record>
						<PropertyValue Property="NonSortableProperties">
							<Collection>
								<PropertyPath>P_KEYDATE</PropertyPath>
							</Collection>
						</PropertyValue>
					</Record>
				</Annotation>
			</Annotations>
			<Annotations xmlns="http://docs.oasis-open.org/odata/ns/edm"
				Target="ZBW_CON_RTR_STOCKTRAN_002_CDS.ZBW_CON_RTR_STOCKTRAN_002_CDS_Entities/ZBW_CON_RTR_STOCKTRAN_002Results">
				<Annotation Term="Capabilities.FilterRestrictions">
					<Record>
						<PropertyValue Property="NonFilterableProperties">
							<Collection>
								<PropertyPath>ID</PropertyPath>
								<PropertyPath>PurchaseOrderItemQuantity</PropertyPath>
								<PropertyPath>AmountinGlobalCurrency</PropertyPath>
								<PropertyPath>AmountinCompanyCodeCurrency</PropertyPath>
							</Collection>
						</PropertyValue>
						<PropertyValue Property="FilterExpressionRestrictions">
							<Collection>
								<Record><PropertyValue Property="Property" PropertyPath="PurchaseOrderItem"/><PropertyValue Property="AllowedExpressions" String="SingleValue"/></Record>
								<Record><PropertyValue Property="Property" PropertyPath="Customer"/><PropertyValue Property="AllowedExpressions" String="SingleValue"/></Record>
								<Record><PropertyValue Property="Property" PropertyPath="Vendor"/><PropertyValue Property="AllowedExpressions" String="SingleValue"/></Record>
								<Record><PropertyValue Property="Property" PropertyPath="Material"/><PropertyValue Property="AllowedExpressions" String="SingleValue"/></Record>
								<Record><PropertyValue Property="Property" PropertyPath="ReceivingCompanyCode"/><PropertyValue Property="AllowedExpressions" String="SingleValue"/></Record>
								<Record><PropertyValue Property="Property" PropertyPath="ReceivingPlant"/><PropertyValue Property="AllowedExpressions" String="SingleValue"/></Record>
								<Record><PropertyValue Property="Property" PropertyPath="IssuingPlant"/><PropertyValue Property="AllowedExpressions" String="SingleValue"/></Record>
								<Record><PropertyValue Property="Property" PropertyPath="SpecialStockIndicator"/><PropertyValue Property="AllowedExpressions" String="SingleValue"/></Record>
							</Collection>
						</PropertyValue>
					</Record>
				</Annotation>
				<Annotation Term="Capabilities.SortRestrictions">
					<Record>
						<PropertyValue Property="NonSortableProperties">
							<Collection>
								<PropertyPath>ID</PropertyPath>
							</Collection>
						</PropertyValue>
					</Record>
				</Annotation>
			</Annotations><atom:link xmlns:atom="http://www.w3.org/2005/Atom" rel="self" href="./sap/ZBW_CON_RTR_STOCKTRAN_002_CDS/$metadata"/><atom:link xmlns:atom="http://www.w3.org/2005/Atom" rel="latest-version" href="./sap/ZBW_CON_RTR_STOCKTRAN_002_CDS/$metadata"/></Schema>
	</edmx:DataServices>
</edmx:Edmx>