<edmx:Edmx xmlns:edmx="http://docs.oasis-open.org/odata/ns/edmx" Version="4.0">
	<edmx:Reference
		Uri="../../catalogservice;v=2/Vocabularies(TechnicalName='%2FIWBEP%2FVOC_COMMON',Version='0001',SAP__Origin='S4HCLNT100')/$value"><edmx:Include Namespace="com.sap.vocabularies.Common.v1" Alias="Common"/></edmx:Reference>
	<edmx:Reference
		Uri="../../catalogservice;v=2/Vocabularies(TechnicalName='%2FIWBEP%2FVOC_UI',Version='0001',SAP__Origin='S4HCLNT100')/$value"><edmx:Include Namespace="com.sap.vocabularies.UI.v1" Alias="UI"/></edmx:Reference>
	<edmx:Reference
		Uri="../../catalogservice;v=2/Vocabularies(TechnicalName='%2FIWBEP%2FVOC_COMMUNICATION',Version='0001',SAP__Origin='S4HCLNT100')/$value"><edmx:Include Namespace="com.sap.vocabularies.Communication.v1" Alias="Communication"/></edmx:Reference>
	<edmx:Reference Uri="../../../sap/zbw_con_rtr_stocktran_002_cds/$metadata"><edmx:Include Namespace="ZBW_CON_RTR_STOCKTRAN_002_CDS" Alias="SAP"/></edmx:Reference>
	<edmx:DataServices>
		<Schema xmlns="http://docs.oasis-open.org/odata/ns/edm" Namespace="zbw_con_rtr_stocktran_002_cd_van.v1">
			<Annotations Target="ZBW_CON_RTR_STOCKTRAN_002_CDS.ZBW_CON_RTR_STOCKTRAN_002Result/SpecialStockIndicator"><Annotation Term="Common.FilterDefaultValue" String="#"/></Annotations>
			<Annotations Target="ZBW_CON_RTR_STOCKTRAN_002_CDS.ZBW_CON_RTR_STOCKTRAN_002Result/P_keydate"><Annotation Term="UI.Hidden"/></Annotations>
			<Annotations Target="ZBW_CON_RTR_STOCKTRAN_002_CDS.ZBW_CON_RTR_STOCKTRAN_002Result/ID"><Annotation Term="UI.Hidden"/></Annotations>
		</Schema>
	</edmx:DataServices>
</edmx:Edmx>