<edmx:Edmx xmlns:edmx="http://schemas.microsoft.com/ado/2007/06/edmx" xmlns:sap="http://www.sap.com/Protocols/SAPData"
	xmlns:ux="http://www.sap.com/Protocols/OData4SAP/UX" xmlns:gp="http://www.sap.com/Protocols/SAPData/GenericPlayer" Version="1.0">
	<edmx:DataServices xmlns:m="http://schemas.microsoft.com/ado/2007/08/dataservices/metadata" m:DataServiceVersion="1.0">
		<Schema xmlns="http://schemas.microsoft.com/ado/2008/09/edm" Namespace="ZCSP_GSD_PORTAL_SRV" sap:schema-version="1" xml:lang="en">
			<EntityType Name="OrderSrch" sap:content-version="1">
				<Key><PropertyRef Name="OrderNumber"/><PropertyRef Name="OrderItemNo"/></Key><Property Name="OrderItemSrch" Type="Edm.Boolean" Nullable="true" sap:creatable="false" sap:updatable="false" sap:sortable="false"
					sap:label="Order Item search"/><Property Name="LoadID" Type="Edm.String" Nullable="true" MaxLength="30" sap:creatable="false" sap:updatable="false" sap:sortable="false"
					sap:filterable="false" sap:label="Load ID"/><Property Name="OrderNumber" Type="Edm.String" Nullable="false" MaxLength="10" sap:creatable="false" sap:updatable="false"
					sap:sortable="false" sap:label="Order Number"/><Property Name="Date" Type="Edm.DateTime" Nullable="true" Precision="0" sap:creatable="false" sap:updatable="false" sap:sortable="false"
					sap:display-format="Date" sap:filter-restriction="interval" sap:label="Date"/><Property Name="OrderItemNo" Type="Edm.String" Nullable="false" MaxLength="6" sap:creatable="false" sap:updatable="false"
					sap:sortable="false" sap:filterable="false" sap:label="Order Item"/><Property Name="Limit" Type="Edm.Int16" Nullable="true" sap:creatable="false" sap:updatable="false" sap:sortable="false" sap:label="Limit"/><Property Name="LoadIdDisplay" Type="Edm.String" Nullable="true" MaxLength="30" sap:creatable="false" sap:updatable="false"
					sap:sortable="false" sap:filterable="false" sap:label="Load ID TAS"/><Property Name="MultiPartner" Type="Edm.Boolean" Nullable="true" sap:creatable="false" sap:updatable="false" sap:sortable="false"
					sap:label="Multi Partner"/><Property Name="DateCreated" Type="Edm.String" Nullable="true" MaxLength="30" sap:creatable="false" sap:updatable="false"
					sap:sortable="false" sap:filterable="false" sap:label="Date Created"/><Property Name="PartnerFunction" Type="Edm.String" Nullable="true" MaxLength="2" sap:creatable="false" sap:updatable="false"
					sap:sortable="false" sap:filterable="false" sap:label="Partner Function"/><Property Name="PartnerNo" Type="Edm.String" Nullable="true" MaxLength="10" sap:creatable="false" sap:updatable="false" sap:sortable="false"
					sap:filterable="false" sap:label="Partner Number"/><Property Name="TimeCreated" Type="Edm.String" Nullable="true" MaxLength="30" sap:creatable="false" sap:updatable="false"
					sap:sortable="false" sap:filterable="false" sap:label="Time Created"/><Property Name="PONumber" Type="Edm.String" Nullable="true" MaxLength="35" sap:creatable="false" sap:updatable="false" sap:sortable="false"
					sap:label="PO Number"/><Property Name="CreatedByName" Type="Edm.String" Nullable="true" MaxLength="40" sap:creatable="false" sap:updatable="false"
					sap:sortable="false" sap:filterable="false" sap:label="Created by Name"/><Property Name="UserType" Type="Edm.String" Nullable="true" MaxLength="2" sap:creatable="false" sap:updatable="false" sap:sortable="false"
					sap:label="User type"/><Property Name="StatusId" Type="Edm.String" Nullable="true" MaxLength="3" sap:creatable="false" sap:updatable="false" sap:sortable="false"
					sap:filterable="false" sap:label="Status ID"/><Property Name="StatusDesc" Type="Edm.String" Nullable="true" MaxLength="40" sap:creatable="false" sap:updatable="false"
					sap:sortable="false" sap:filterable="false" sap:label="Status Description"/><Property Name="SearchLocation" Type="Edm.String" Nullable="true" MaxLength="10" sap:creatable="false" sap:updatable="false"
					sap:sortable="false" sap:filterable="false" sap:label="Search Location"/><Property Name="StatusBgColor" Type="Edm.String" Nullable="true" MaxLength="7" sap:creatable="false" sap:updatable="false"
					sap:sortable="false" sap:filterable="false" sap:label="Status Bg Color"/><Property Name="SalesOrg" Type="Edm.String" Nullable="true" MaxLength="4" sap:creatable="false" sap:updatable="false" sap:sortable="false"
					sap:filterable="false" sap:label="Sales Organization"/><Property Name="StatusFontColor" Type="Edm.String" Nullable="true" MaxLength="7" sap:creatable="false" sap:updatable="false"
					sap:sortable="false" sap:filterable="false" sap:label="Status Font Color"/><Property Name="CustomerNumber" Type="Edm.String" Nullable="true" MaxLength="10" sap:creatable="false" sap:updatable="false"
					sap:sortable="false" sap:label="Customer No"/><Property Name="DistChannel" Type="Edm.String" Nullable="true" MaxLength="2" sap:creatable="false" sap:updatable="false"
					sap:sortable="false" sap:filterable="false" sap:label="Distribution Channel"/><Property Name="CustomerName" Type="Edm.String" Nullable="true" MaxLength="40" sap:creatable="false" sap:updatable="false"
					sap:sortable="false" sap:filterable="false" sap:label="Customer Name"/><Property Name="Division" Type="Edm.String" Nullable="true" MaxLength="2" sap:creatable="false" sap:updatable="false" sap:sortable="false"
					sap:filterable="false" sap:label="Division"/><Property Name="CreatedByID" Type="Edm.String" Nullable="true" MaxLength="12" sap:creatable="false" sap:updatable="false"
					sap:sortable="false" sap:filterable="false" sap:label="Created By"/><Property Name="ShipToNumber" Type="Edm.String" Nullable="true" MaxLength="10" sap:creatable="false" sap:updatable="false"
					sap:sortable="false" sap:label="ShipTo Number"/><Property Name="OpenOrdersOnly" Type="Edm.Boolean" Nullable="true" sap:creatable="false" sap:updatable="false" sap:sortable="false"
					sap:label="Open Orders Only"/><Property Name="ShipToName" Type="Edm.String" Nullable="true" MaxLength="40" sap:creatable="false" sap:updatable="false"
					sap:sortable="false" sap:filterable="false" sap:label="ShipTo Name"/><Property Name="DeliveryPointAddress" Type="Edm.String" Nullable="true" MaxLength="350" sap:creatable="false" sap:updatable="false"
					sap:sortable="false" sap:filterable="false" sap:label="DeliveryPointAddress"/><Property Name="DraftOrdersOnly" Type="Edm.Boolean" Nullable="true" sap:creatable="false" sap:updatable="false" sap:sortable="false"
					sap:filterable="false" sap:label="Draft Orders Only"/><Property Name="LoadingDate" Type="Edm.String" Nullable="true" MaxLength="30" sap:creatable="false" sap:updatable="false"
					sap:sortable="false" sap:filterable="false" sap:label="Loading Date"/><Property Name="ShowLoadingDate" Type="Edm.Boolean" Nullable="true" sap:creatable="false" sap:updatable="false" sap:sortable="false"
					sap:filterable="false" sap:label="Show Loading Date"/><Property Name="LoadingTime" Type="Edm.String" Nullable="true" MaxLength="30" sap:creatable="false" sap:updatable="false"
					sap:sortable="false" sap:filterable="false" sap:label="Loading Time"/><Property Name="SearchLoadID" Type="Edm.String" Nullable="true" MaxLength="30" sap:creatable="false" sap:updatable="false"
					sap:sortable="false" sap:filterable="false" sap:label="Search Load ID Display"/><Property Name="DistributorSearch" Type="Edm.String" Nullable="true" MaxLength="1" sap:creatable="false" sap:updatable="false"
					sap:sortable="false" sap:label="Distributor Search"/><Property Name="ShowLoadingTime" Type="Edm.Boolean" Nullable="true" sap:creatable="false" sap:updatable="false" sap:sortable="false"
					sap:filterable="false" sap:label="Show Loading Time"/><Property Name="ReqDelDate" Type="Edm.String" Nullable="true" MaxLength="30" sap:creatable="false" sap:updatable="false"
					sap:sortable="false" sap:filterable="false" sap:label="Req Del Date"/><Property Name="ShowReqDelDate" Type="Edm.Boolean" Nullable="true" sap:creatable="false" sap:updatable="false" sap:sortable="false"
					sap:filterable="false" sap:label="ShowReqDelDate"/><Property Name="ReqDelTime" Type="Edm.String" Nullable="true" MaxLength="50" sap:creatable="false" sap:updatable="false"
					sap:sortable="false" sap:filterable="false" sap:label="ReqDelTime"/><Property Name="PlantId" Type="Edm.String" Nullable="true" MaxLength="4" sap:creatable="false" sap:updatable="false" sap:sortable="false"
					sap:filterable="false" sap:label="Plant"/><Property Name="PlantDesc" Type="Edm.String" Nullable="true" MaxLength="80" sap:creatable="false" sap:updatable="false" sap:sortable="false"
					sap:filterable="false" sap:label="PlantDesc"/><Property Name="MaterialId" Type="Edm.String" Nullable="true" MaxLength="18" sap:creatable="false" sap:updatable="false"
					sap:sortable="false" sap:filterable="false" sap:label="Material"/><Property Name="MaterialDesc" Type="Edm.String" Nullable="true" MaxLength="256" sap:creatable="false" sap:updatable="false"
					sap:sortable="false" sap:filterable="false" sap:label="Material Desc"/><Property Name="Quantity" Type="Edm.Decimal" Nullable="true" Precision="15" Scale="3" sap:creatable="false" sap:updatable="false"
					sap:sortable="false" sap:filterable="false" sap:label="Order quantity"/><Property Name="Uom" Type="Edm.String" Nullable="true" MaxLength="3" sap:creatable="false" sap:updatable="false" sap:sortable="false"
					sap:filterable="false" sap:semantics="unit-of-measure" sap:label="Base Unit"/><Property Name="UomExt" Type="Edm.String" Nullable="true" MaxLength="3" sap:creatable="false" sap:updatable="false" sap:sortable="false"
					sap:filterable="false" sap:label="Uom Ext"/><Property Name="UomDescription" Type="Edm.String" Nullable="true" MaxLength="30" sap:creatable="false" sap:updatable="false"
					sap:sortable="false" sap:filterable="false" sap:label="Uom Description"/><Property Name="TruckAssist" Type="Edm.Boolean" Nullable="true" sap:creatable="false" sap:updatable="false" sap:sortable="false"
					sap:filterable="false" sap:label="Truck Assist"/><Property Name="CanDisplay" Type="Edm.Boolean" Nullable="true" sap:creatable="false" sap:updatable="false" sap:sortable="false"
					sap:filterable="false" sap:label="Can Display"/><Property Name="CanEdit" Type="Edm.Boolean" Nullable="true" sap:creatable="false" sap:updatable="false" sap:sortable="false"
					sap:filterable="false" sap:label="Can Edit"/><Property Name="CanCopyWithQuantities" Type="Edm.Boolean" Nullable="true" sap:creatable="false" sap:updatable="false" sap:sortable="false"
					sap:filterable="false" sap:label="Can Copy With Quantities"/><Property Name="LoadingDateTo" Type="Edm.String" Nullable="true" MaxLength="30" sap:creatable="false" sap:updatable="false"
					sap:sortable="false" sap:filterable="false" sap:label="Loading Date To"/><Property Name="ReqDelDateTo" Type="Edm.String" Nullable="true" MaxLength="30" sap:creatable="false" sap:updatable="false"
					sap:sortable="false" sap:filterable="false" sap:label="Req Del Date To"/><Property Name="LoadIdAddon" Type="Edm.String" Nullable="true" MaxLength="20" sap:creatable="false" sap:updatable="false"
					sap:sortable="false" sap:filterable="false" sap:label="Load ID add-on"/><Property Name="Drivers" Type="Edm.String" Nullable="true" MaxLength="350" sap:creatable="false" sap:updatable="false" sap:sortable="false"
					sap:filterable="false" sap:label="Drivers"/><Property Name="Trucks" Type="Edm.String" Nullable="true" MaxLength="350" sap:creatable="false" sap:updatable="false" sap:sortable="false"
					sap:filterable="false" sap:label="Trucks"/><Property Name="Trailers" Type="Edm.String" Nullable="true" MaxLength="350" sap:creatable="false" sap:updatable="false" sap:sortable="false"
					sap:filterable="false" sap:label="Trailers"/><Property Name="TermDays" Type="Edm.String" Nullable="true" MaxLength="2" sap:creatable="false" sap:updatable="false" sap:sortable="false"
					sap:filterable="false" sap:label="Term Days"/><Property Name="SentPickupId" Type="Edm.String" Nullable="true" MaxLength="1" sap:creatable="false" sap:updatable="false"
					sap:sortable="false" sap:filterable="false" sap:label="Sent Pickup ID"/><Property Name="SentPickup" Type="Edm.String" Nullable="true" MaxLength="60" sap:creatable="false" sap:updatable="false"
					sap:sortable="false" sap:filterable="false" sap:label="Sent Pickup"/><Property Name="SentSenderId" Type="Edm.String" Nullable="true" MaxLength="3" sap:creatable="false" sap:updatable="false"
					sap:sortable="false" sap:filterable="false" sap:label="SENT sender ID"/><Property Name="SentSender" Type="Edm.String" Nullable="true" MaxLength="60" sap:creatable="false" sap:updatable="false"
					sap:sortable="false" sap:filterable="false" sap:label="Sent Sender"/><Property Name="SentNumber" Type="Edm.String" Nullable="true" MaxLength="20" sap:creatable="false" sap:updatable="false"
					sap:sortable="false" sap:filterable="false" sap:label="SENT Number"/><Property Name="SentRecipientKey" Type="Edm.String" Nullable="true" MaxLength="7" sap:creatable="false" sap:updatable="false"
					sap:sortable="false" sap:filterable="false" sap:label="Sent Recipient Key"/><Property Name="SentCarrierKey" Type="Edm.String" Nullable="true" MaxLength="7" sap:creatable="false" sap:updatable="false"
					sap:sortable="false" sap:filterable="false" sap:label="Sent Carrier Key"/><Property Name="SentStatusId" Type="Edm.String" Nullable="true" MaxLength="2" sap:creatable="false" sap:updatable="false"
					sap:sortable="false" sap:filterable="false" sap:label="SENT Status ID"/><Property Name="SentStatus" Type="Edm.String" Nullable="true" MaxLength="60" sap:creatable="false" sap:updatable="false"
					sap:sortable="false" sap:filterable="false" sap:label="Sent Status Desc"/><Property Name="SentRelevancyId" Type="Edm.String" Nullable="true" MaxLength="3" sap:creatable="false" sap:updatable="false"
					sap:sortable="false" sap:filterable="false" sap:label="SENT relevancy ID"/><Property Name="SentRelevancy" Type="Edm.String" Nullable="true" MaxLength="60" sap:creatable="false" sap:updatable="false"
					sap:sortable="false" sap:filterable="false" sap:label="Sent Relevancy"/><Property Name="DeliveryNumber" Type="Edm.String" Nullable="true" MaxLength="10" sap:creatable="false" sap:updatable="false"
					sap:sortable="false" sap:filterable="false" sap:label="Delivery Number"/><Property Name="SupplyPlant" Type="Edm.String" Nullable="true" MaxLength="4" sap:creatable="false" sap:updatable="false"
					sap:sortable="false" sap:filterable="false" sap:label="Supply Plant"/><Property Name="FinalDestination" Type="Edm.String" Nullable="true" MaxLength="10" sap:creatable="false" sap:updatable="false"
					sap:sortable="false" sap:filterable="false" sap:label="Final Destination"/><Property Name="Imo" Type="Edm.String" Nullable="true" MaxLength="9" sap:creatable="false" sap:updatable="false" sap:sortable="false"
					sap:filterable="false" sap:label="IMO Number"/><Property Name="Vessel" Type="Edm.String" Nullable="true" MaxLength="30" sap:creatable="false" sap:updatable="false" sap:sortable="false"
					sap:filterable="false" sap:label="Vessel Name"/><Property Name="Flag" Type="Edm.String" Nullable="true" MaxLength="3" sap:creatable="false" sap:updatable="false" sap:sortable="false"
					sap:filterable="false" sap:label="Vessel Flag"/><Property Name="PaymentTerm" Type="Edm.String" Nullable="true" MaxLength="30" sap:creatable="false" sap:updatable="false"
					sap:sortable="false" sap:filterable="false" sap:label="Payment Term"/><Property Name="AuthorizationNumber" Type="Edm.String" Nullable="true" MaxLength="20" sap:creatable="false" sap:updatable="false"
					sap:sortable="false" sap:filterable="false" sap:label="Authorization Number"/><Property Name="ShowShift" Type="Edm.Boolean" Nullable="true" sap:creatable="false" sap:updatable="false" sap:sortable="false"
					sap:filterable="false" sap:label="Show Shift"/><Property Name="Shift" Type="Edm.String" Nullable="true" MaxLength="40" sap:creatable="false" sap:updatable="false" sap:sortable="false"
					sap:filterable="false" sap:label="Shift"/><Property Name="Nextdaydel" Type="Edm.Boolean" Nullable="true" sap:creatable="false" sap:updatable="false" sap:sortable="false"
					sap:filterable="false" sap:label="Next day del"/><Property Name="Search" Type="Edm.String" Nullable="true" MaxLength="25" sap:creatable="false" sap:updatable="false" sap:sortable="false"
					sap:filterable="false" sap:label="Search"/><NavigationProperty Name="ReturnMessageInOrderSrch" Relationship="ZCSP_GSD_PORTAL_SRV.ReturnMessageInOrderSrch"
					FromRole="FromRole_ReturnMessageInOrderSrch" ToRole="ToRole_ReturnMessageInOrderSrch"/><NavigationProperty Name="SalesAreaInOrderSrch" Relationship="ZCSP_GSD_PORTAL_SRV.SalesAreaInOrderSrch"
					FromRole="FromRole_SalesAreaInOrderSrch" ToRole="ToRole_SalesAreaInOrderSrch"/></EntityType>
			<EntityType Name="ReturnMessage" sap:content-version="1">
				<Key><PropertyRef Name="OrderNumber"/><PropertyRef Name="OrderItemNo"/></Key><Property Name="OrderNumber" Type="Edm.String" Nullable="false" MaxLength="10" sap:creatable="false" sap:updatable="false"
					sap:sortable="false" sap:filterable="false" sap:label="Order Number"/><Property Name="Type" Type="Edm.String" Nullable="true" MaxLength="1" sap:creatable="false" sap:updatable="false" sap:sortable="false"
					sap:filterable="false" sap:label="Message Type"/><Property Name="ID" Type="Edm.String" Nullable="true" MaxLength="20" sap:creatable="false" sap:updatable="false" sap:sortable="false"
					sap:filterable="false" sap:label="Message ID"/><Property Name="Number" Type="Edm.String" Nullable="true" MaxLength="3" sap:creatable="false" sap:updatable="false" sap:sortable="false"
					sap:filterable="false" sap:label="Message No"/><Property Name="Message" Type="Edm.String" Nullable="true" MaxLength="220" sap:creatable="false" sap:updatable="false" sap:sortable="false"
					sap:filterable="false" sap:label="Message"/><Property Name="OrderItemNo" Type="Edm.String" Nullable="false" MaxLength="6" sap:creatable="false" sap:updatable="false"
					sap:sortable="false" sap:filterable="false" sap:label="Order Item"/></EntityType>
			<EntityType Name="SalesArea" sap:content-version="1">
				<Key><PropertyRef Name="OrderNumber"/><PropertyRef Name="OrderItemNo"/></Key><Property Name="OrderNumber" Type="Edm.String" Nullable="false" MaxLength="10" sap:creatable="false" sap:updatable="false"
					sap:sortable="false" sap:filterable="false" sap:label="Order Number"/><Property Name="SalesOrg" Type="Edm.String" Nullable="true" MaxLength="4" sap:creatable="false" sap:updatable="false" sap:sortable="false"
					sap:filterable="false" sap:label="Sales Org."/><Property Name="DistChannel" Type="Edm.String" Nullable="true" MaxLength="2" sap:creatable="false" sap:updatable="false"
					sap:sortable="false" sap:filterable="false" sap:label="Distr. Channel"/><Property Name="Division" Type="Edm.String" Nullable="true" MaxLength="2" sap:creatable="false" sap:updatable="false" sap:sortable="false"
					sap:filterable="false" sap:label="Division"/><Property Name="MergeFlag" Type="Edm.Boolean" Nullable="true" sap:creatable="false" sap:updatable="false" sap:sortable="false"
					sap:filterable="false" sap:label="Merge Flag"/><Property Name="OrderItemNo" Type="Edm.String" Nullable="false" MaxLength="6" sap:creatable="false" sap:updatable="false"
					sap:sortable="false" sap:filterable="false" sap:label="Order Item"/><Property Name="IncludeQuotes" Type="Edm.Boolean" Nullable="true" sap:creatable="false" sap:updatable="false" sap:sortable="false"
					sap:filterable="false" sap:label="Include Quotes"/></EntityType>
			<EntityType Name="BulkStatusSrch" sap:content-version="1">
				<Key><PropertyRef Name="BatchID"/></Key><Property Name="FromDate" Type="Edm.DateTime" Nullable="true" Precision="7" sap:creatable="false" sap:updatable="false" sap:sortable="false"
					sap:display-format="Date" sap:filter-restriction="single-value" sap:label="Valid From"/><Property Name="MultiPartner" Type="Edm.Boolean" Nullable="true" sap:creatable="false" sap:updatable="false" sap:sortable="false"
					sap:label="Multi partner Ind"/><Property Name="ToDate" Type="Edm.DateTime" Nullable="true" Precision="7" sap:creatable="false" sap:updatable="false" sap:sortable="false"
					sap:display-format="Date" sap:filter-restriction="single-value" sap:label="Valid To"/><Property Name="BatchID" Type="Edm.String" Nullable="false" MaxLength="10" sap:creatable="false" sap:updatable="false" sap:sortable="false"
					sap:label="Batch ID"/><Property Name="IdocNumber" Type="Edm.String" Nullable="true" MaxLength="16" sap:creatable="false" sap:updatable="false"
					sap:sortable="false" sap:filterable="false" sap:label="IDoc number"/><Property Name="MaterialID" Type="Edm.String" Nullable="true" MaxLength="18" sap:creatable="false" sap:updatable="false"
					sap:sortable="false" sap:label="Material"/><Property Name="MaterialDesc" Type="Edm.String" Nullable="true" MaxLength="256" sap:creatable="false" sap:updatable="false"
					sap:sortable="false" sap:filterable="false" sap:label="Material Description"/><Property Name="PONumber" Type="Edm.String" Nullable="true" MaxLength="35" sap:creatable="false" sap:updatable="false" sap:sortable="false"
					sap:label="PO number"/><Property Name="OrderNumber" Type="Edm.String" Nullable="true" MaxLength="10" sap:creatable="false" sap:updatable="false"
					sap:sortable="false" sap:filterable="false" sap:label="Order number"/><Property Name="Quantity" Type="Edm.Decimal" Nullable="true" Precision="13" Scale="3" sap:creatable="false" sap:updatable="false"
					sap:sortable="false" sap:filterable="false" sap:label="Target quantity"/><Property Name="Uom" Type="Edm.String" Nullable="true" MaxLength="3" sap:creatable="false" sap:updatable="false" sap:sortable="false"
					sap:filterable="false" sap:semantics="unit-of-measure" sap:label="Target qty UoM"/><Property Name="ShipToNo" Type="Edm.String" Nullable="true" MaxLength="10" sap:creatable="false" sap:updatable="false" sap:sortable="false"
					sap:label="Ship-to party"/><Property Name="ShipToName" Type="Edm.String" Nullable="true" MaxLength="160" sap:creatable="false" sap:updatable="false"
					sap:sortable="false" sap:filterable="false" sap:label="Ship-to Name"/><Property Name="ShipToAddress" Type="Edm.String" Nullable="true" MaxLength="350" sap:creatable="false" sap:updatable="false"
					sap:sortable="false" sap:filterable="false" sap:label="Ship-to Address"/><Property Name="StatusID" Type="Edm.String" Nullable="true" MaxLength="1" sap:creatable="false" sap:updatable="false" sap:sortable="false"
					sap:label="Status ID"/><Property Name="StatusText" Type="Edm.String" Nullable="true" MaxLength="40" sap:creatable="false" sap:updatable="false"
					sap:sortable="false" sap:filterable="false" sap:label="Status Text"/><Property Name="UploadDate" Type="Edm.DateTime" Nullable="true" Precision="7" sap:creatable="false" sap:updatable="false"
					sap:sortable="false" sap:filterable="false" sap:label="Upload Date"/><Property Name="RDD" Type="Edm.DateTime" Nullable="true" Precision="7" sap:creatable="false" sap:updatable="false" sap:sortable="false"
					sap:filterable="false" sap:label="Request.dlv.dt"/><Property Name="FinalDestination" Type="Edm.String" Nullable="true" MaxLength="10" sap:creatable="false" sap:updatable="false"
					sap:sortable="false" sap:filterable="false" sap:label="Final Destination"/><Property Name="LoadID" Type="Edm.String" Nullable="true" MaxLength="30" sap:creatable="false" sap:updatable="false" sap:sortable="false"
					sap:filterable="false" sap:label="Load ID"/></EntityType>
			<EntityType Name="CustomerSrch" sap:content-version="1">
				<Key><PropertyRef Name="IvPartnerNumber"/></Key><Property Name="IvSearch" Type="Edm.String" Nullable="true" sap:creatable="false" sap:updatable="false" sap:sortable="false"
					sap:label="Search"/><Property Name="IvUserType" Type="Edm.String" Nullable="true" MaxLength="2" sap:creatable="false" sap:updatable="false" sap:sortable="false"
					sap:label="Portal User Tp"/><Property Name="IvPartnerNumber" Type="Edm.String" Nullable="false" MaxLength="10" sap:creatable="false" sap:updatable="false"
					sap:sortable="false" sap:label="Customer"/><Property Name="IvPartnerFunction" Type="Edm.String" Nullable="true" MaxLength="2" sap:creatable="false" sap:updatable="false"
					sap:sortable="false" sap:label="Partner Functn"/><Property Name="IvCustomerNumber" Type="Edm.String" Nullable="true" MaxLength="10" sap:creatable="false" sap:updatable="false"
					sap:sortable="false" sap:label="Customer"/><Property Name="IvCity" Type="Edm.String" Nullable="true" MaxLength="25" sap:creatable="false" sap:updatable="false" sap:sortable="false"
					sap:label="City"/><Property Name="IvPostcode" Type="Edm.String" Nullable="true" MaxLength="10" sap:creatable="false" sap:updatable="false"
					sap:sortable="false" sap:label="Postal Code"/><Property Name="IvLimit" Type="Edm.Int32" Nullable="true" sap:creatable="false" sap:updatable="false" sap:sortable="false"
					sap:label="Number"/><Property Name="IvMultiPartner" Type="Edm.Boolean" Nullable="true" sap:creatable="false" sap:updatable="false" sap:sortable="false"
					sap:filterable="false" sap:label="Indicator"/><Property Name="IvGetSalesAreaDetails" Type="Edm.Boolean" Nullable="true" sap:creatable="false" sap:updatable="false" sap:sortable="false"
					sap:filterable="false" sap:label="Indicator"/><Property Name="IvGetFlexiCustomer" Type="Edm.Boolean" Nullable="true" sap:creatable="false" sap:updatable="false" sap:sortable="false"
					sap:filterable="false" sap:label="Indicator"/><Property Name="IvGetPcnCustomer" Type="Edm.Boolean" Nullable="true" sap:creatable="false" sap:updatable="false" sap:sortable="false"
					sap:filterable="false" sap:label="Indicator"/><Property Name="EvDuplicateSoldTos" Type="Edm.Boolean" Nullable="true" sap:creatable="false" sap:updatable="false" sap:sortable="false"
					sap:filterable="false" sap:label="Indicator"/><Property Name="EvSearchPcnCon" Type="Edm.Boolean" Nullable="true" sap:creatable="false" sap:updatable="false" sap:sortable="false"
					sap:filterable="false" sap:label="Indicator"/><Property Name="EvSearchPcnCurDate" Type="Edm.Boolean" Nullable="true" sap:creatable="false" sap:updatable="false" sap:sortable="false"
					sap:filterable="false" sap:label="Indicator"/><Property Name="BpNumber" Type="Edm.String" Nullable="true" MaxLength="10" sap:creatable="false" sap:updatable="false" sap:sortable="false"
					sap:filterable="false" sap:label="Customer"/><Property Name="CustRefNumber" Type="Edm.String" Nullable="true" MaxLength="10" sap:creatable="false" sap:updatable="false"
					sap:sortable="false" sap:filterable="false" sap:label="Customer"/><Property Name="Name" Type="Edm.String" Nullable="true" MaxLength="80" sap:creatable="false" sap:updatable="false" sap:sortable="false"
					sap:filterable="false" sap:label="Char80"/><Property Name="LongName" Type="Edm.String" Nullable="true" MaxLength="160" sap:creatable="false" sap:updatable="false" sap:sortable="false"
					sap:filterable="false" sap:label="HR-CH: Very long character string"/><Property Name="ShortAddress" Type="Edm.String" Nullable="true" MaxLength="100" sap:creatable="false" sap:updatable="false"
					sap:sortable="false" sap:filterable="false" sap:label="Character 100"/><Property Name="LongAddress" Type="Edm.String" Nullable="true" MaxLength="350" sap:creatable="false" sap:updatable="false"
					sap:sortable="false" sap:filterable="false" sap:label="Line"/><Property Name="SalesOrg" Type="Edm.String" Nullable="true" MaxLength="4" sap:creatable="false" sap:updatable="false" sap:sortable="false"
					sap:filterable="false" sap:label="Sales Org."/><Property Name="DistChannel" Type="Edm.String" Nullable="true" MaxLength="2" sap:creatable="false" sap:updatable="false"
					sap:sortable="false" sap:filterable="false" sap:label="Distr. Channel"/><Property Name="Division" Type="Edm.String" Nullable="true" MaxLength="2" sap:creatable="false" sap:updatable="false" sap:sortable="false"
					sap:filterable="false" sap:label="Division"/><Property Name="SalesArea" Type="Edm.String" Nullable="true" MaxLength="80" sap:creatable="false" sap:updatable="false" sap:sortable="false"
					sap:filterable="false" sap:label="Char80"/><Property Name="PltypType" Type="Edm.String" Nullable="true" MaxLength="1" sap:creatable="false" sap:updatable="false" sap:sortable="false"
					sap:filterable="false" sap:label="Single-Character Indicator"/></EntityType>
			<EntityType Name="ShiptoSrch" sap:content-version="1">
				<Key><PropertyRef Name="IvPartnerNumber"/></Key><Property Name="IvPartnerNumber" Type="Edm.String" Nullable="false" MaxLength="10" sap:creatable="false" sap:updatable="false"
					sap:sortable="false" sap:filterable="false" sap:label="Customer"/><Property Name="IvPartnerFunction" Type="Edm.String" Nullable="true" MaxLength="2" sap:creatable="false" sap:updatable="false"
					sap:sortable="false" sap:label="Partner Functn"/><Property Name="IvUserPartnerFunction" Type="Edm.String" Nullable="true" MaxLength="2" sap:creatable="false" sap:updatable="false"
					sap:sortable="false" sap:label="Partner Functn"/><Property Name="IvUserType" Type="Edm.String" Nullable="true" MaxLength="2" sap:creatable="false" sap:updatable="false" sap:sortable="false"
					sap:label="Portal User Tp"/><Property Name="IvMultiPartner" Type="Edm.Boolean" Nullable="true" sap:creatable="false" sap:updatable="false" sap:sortable="false"
					sap:filterable="false" sap:label="Indicator"/><Property Name="IvFilterType" Type="Edm.String" Nullable="true" MaxLength="1" sap:creatable="false" sap:updatable="false"
					sap:sortable="false" sap:label="Single-Character Indicator"/><Property Name="IvSearch" Type="Edm.String" Nullable="true" sap:creatable="false" sap:updatable="false" sap:sortable="false"
					sap:label="Search"/><Property Name="IvLocationNumber" Type="Edm.String" Nullable="true" MaxLength="10" sap:creatable="false" sap:updatable="false"
					sap:sortable="false" sap:label="Customer"/><Property Name="IvCity" Type="Edm.String" Nullable="true" MaxLength="25" sap:creatable="false" sap:updatable="false" sap:sortable="false"
					sap:label="City"/><Property Name="IvPostcode" Type="Edm.String" Nullable="true" MaxLength="10" sap:creatable="false" sap:updatable="false"
					sap:sortable="false" sap:label="Postal Code"/><Property Name="IvNameAddressOnly" Type="Edm.Boolean" Nullable="true" sap:creatable="false" sap:updatable="false" sap:sortable="false"
					sap:filterable="false" sap:label="Indicator"/><Property Name="IvLimit" Type="Edm.Int32" Nullable="true" sap:creatable="false" sap:updatable="false" sap:sortable="false"
					sap:label="Number"/><Property Name="IvGetSentCustomer" Type="Edm.Boolean" Nullable="true" sap:creatable="false" sap:updatable="false" sap:sortable="false"
					sap:filterable="false" sap:label="Indicator"/><Property Name="IvVat" Type="Edm.String" Nullable="true" MaxLength="20" sap:creatable="false" sap:updatable="false" sap:sortable="false"
					sap:label="VAT Reg. No."/><Property Name="IvMnmc" Type="Edm.Boolean" Nullable="true" sap:creatable="false" sap:updatable="false" sap:sortable="false"
					sap:filterable="false" sap:label="Indicator"/><Property Name="IvGetPcnLocation" Type="Edm.Boolean" Nullable="true" sap:creatable="false" sap:updatable="false" sap:sortable="false"
					sap:filterable="false" sap:label="Indicator"/><Property Name="EvContainsPickup" Type="Edm.Boolean" Nullable="true" sap:creatable="false" sap:updatable="false" sap:sortable="false"
					sap:filterable="false" sap:label="Indicator"/><Property Name="EvDuplicateShipTos" Type="Edm.Boolean" Nullable="true" sap:creatable="false" sap:updatable="false" sap:sortable="false"
					sap:filterable="false" sap:label="Indicator"/><Property Name="BpNumber" Type="Edm.String" Nullable="true" MaxLength="10" sap:creatable="false" sap:updatable="false" sap:sortable="false"
					sap:filterable="false" sap:label="Customer"/><Property Name="CustRefNumber" Type="Edm.String" Nullable="true" MaxLength="10" sap:creatable="false" sap:updatable="false"
					sap:sortable="false" sap:filterable="false" sap:label="Customer"/><Property Name="Name" Type="Edm.String" Nullable="true" MaxLength="80" sap:creatable="false" sap:updatable="false" sap:sortable="false"
					sap:filterable="false" sap:label="Char80"/><Property Name="LongName" Type="Edm.String" Nullable="true" MaxLength="160" sap:creatable="false" sap:updatable="false" sap:sortable="false"
					sap:filterable="false" sap:label="HR-CH: Very long character string"/><Property Name="ShortAddress" Type="Edm.String" Nullable="true" MaxLength="100" sap:creatable="false" sap:updatable="false"
					sap:sortable="false" sap:filterable="false" sap:label="Character 100"/><Property Name="LongAddress" Type="Edm.String" Nullable="true" MaxLength="350" sap:creatable="false" sap:updatable="false"
					sap:sortable="false" sap:filterable="false" sap:label="Line"/><Property Name="SalesOrg" Type="Edm.String" Nullable="true" MaxLength="4" sap:creatable="false" sap:updatable="false" sap:sortable="false"
					sap:filterable="false" sap:label="Sales Org."/><Property Name="DistChannel" Type="Edm.String" Nullable="true" MaxLength="2" sap:creatable="false" sap:updatable="false"
					sap:sortable="false" sap:filterable="false" sap:label="Distr. Channel"/><Property Name="Division" Type="Edm.String" Nullable="true" MaxLength="2" sap:creatable="false" sap:updatable="false" sap:sortable="false"
					sap:filterable="false" sap:label="Division"/><Property Name="SalesArea" Type="Edm.String" Nullable="true" MaxLength="80" sap:creatable="false" sap:updatable="false" sap:sortable="false"
					sap:filterable="false" sap:label="Char80"/><Property Name="Plant" Type="Edm.String" Nullable="true" MaxLength="4" sap:creatable="false" sap:updatable="false" sap:sortable="false"
					sap:filterable="false" sap:label="Deliver.Plant"/><Property Name="PlantName" Type="Edm.String" Nullable="true" MaxLength="80" sap:creatable="false" sap:updatable="false" sap:sortable="false"
					sap:filterable="false" sap:label="Char80"/><Property Name="ShippingCond" Type="Edm.String" Nullable="true" MaxLength="2" sap:creatable="false" sap:updatable="false"
					sap:sortable="false" sap:filterable="false" sap:label="Shipping Cond."/><Property Name="ShippingCondText" Type="Edm.String" Nullable="true" MaxLength="20" sap:creatable="false" sap:updatable="false"
					sap:sortable="false" sap:filterable="false" sap:label="Description"/><Property Name="Mneumonic" Type="Edm.String" Nullable="true" MaxLength="10" sap:creatable="false" sap:updatable="false" sap:sortable="false"
					sap:filterable="false" sap:label="Search term"/></EntityType>
			<EntityType Name="MaterialSrch" sap:content-version="1">
				<Key><PropertyRef Name="IvOrderNumber"/></Key><Property Name="IvOrderNumber" Type="Edm.String" Nullable="false" MaxLength="10" sap:creatable="false" sap:updatable="false"
					sap:sortable="false" sap:label="Sales Document"/><Property Name="IvEditMode" Type="Edm.String" Nullable="true" MaxLength="20" sap:creatable="false" sap:updatable="false"
					sap:sortable="false" sap:label="Order Journey Modes"/><Property Name="IvLoadId" Type="Edm.String" Nullable="true" MaxLength="30" sap:creatable="false" sap:updatable="false" sap:sortable="false"
					sap:label="Load ID"/><Property Name="IvShipTo" Type="Edm.String" Nullable="true" MaxLength="10" sap:creatable="false" sap:updatable="false" sap:sortable="false"
					sap:label="Ship-to party"/><Property Name="IvSalesOrg" Type="Edm.String" Nullable="true" MaxLength="4" sap:creatable="false" sap:updatable="false" sap:sortable="false"
					sap:label="Sales Org."/><Property Name="IvDistChannel" Type="Edm.String" Nullable="true" MaxLength="2" sap:creatable="false" sap:updatable="false"
					sap:sortable="false" sap:label="Distr. Channel"/><Property Name="IvDivision" Type="Edm.String" Nullable="true" MaxLength="2" sap:creatable="false" sap:updatable="false" sap:sortable="false"
					sap:label="Division"/><Property Name="IvContractNumber" Type="Edm.String" Nullable="true" MaxLength="10" sap:creatable="false" sap:updatable="false"
					sap:sortable="false" sap:label="Sales Document"/><Property Name="IvMaterialId" Type="Edm.String" Nullable="true" MaxLength="18" sap:creatable="false" sap:updatable="false"
					sap:sortable="false" sap:label="Material"/><Property Name="IvSearchString" Type="Edm.String" Nullable="true" MaxLength="40" sap:creatable="false" sap:updatable="false"
					sap:sortable="false" sap:label="Char"/><Property Name="IvGetPlants" Type="Edm.Boolean" Nullable="true" sap:creatable="false" sap:updatable="false" sap:sortable="false"
					sap:filterable="false" sap:label="Indicator"/><Property Name="IvTankCheck" Type="Edm.Boolean" Nullable="true" sap:creatable="false" sap:updatable="false" sap:sortable="false"
					sap:filterable="false" sap:label="Indicator"/><Property Name="IvUserType" Type="Edm.String" Nullable="true" MaxLength="2" sap:creatable="false" sap:updatable="false" sap:sortable="false"
					sap:label="Portal User Tp"/><Property Name="IvPlant" Type="Edm.String" Nullable="true" MaxLength="4" sap:creatable="false" sap:updatable="false" sap:sortable="false"
					sap:label="Plant"/><Property Name="IvSoldTo" Type="Edm.String" Nullable="true" MaxLength="10" sap:creatable="false" sap:updatable="false" sap:sortable="false"
					sap:filterable="false" sap:label="Customer"/><Property Name="IvShippingCond" Type="Edm.String" Nullable="true" MaxLength="2" sap:creatable="false" sap:updatable="false"
					sap:sortable="false" sap:label="Shipping Cond."/><Property Name="IvFinalDestination" Type="Edm.String" Nullable="true" MaxLength="10" sap:creatable="false" sap:updatable="false"
					sap:sortable="false" sap:label="Customer"/><Property Name="IvLimit" Type="Edm.Int32" Nullable="true" sap:creatable="false" sap:updatable="false" sap:sortable="false"
					sap:label="Number"/><Property Name="IvGetDefaultBasket" Type="Edm.Boolean" Nullable="true" sap:creatable="false" sap:updatable="false" sap:sortable="false"
					sap:filterable="false" sap:label="Indicator"/><Property Name="EvShowMsds" Type="Edm.String" Nullable="true" MaxLength="1" sap:creatable="false" sap:updatable="false" sap:sortable="false"
					sap:filterable="false" sap:label="Single-Character Indicator"/><Property Name="EvShowSlaDate" Type="Edm.Boolean" Nullable="true" sap:creatable="false" sap:updatable="false" sap:sortable="false"
					sap:filterable="false" sap:label="Indicator"/><Property Name="EvLimitExceeded" Type="Edm.Boolean" Nullable="true" sap:creatable="false" sap:updatable="false" sap:sortable="false"
					sap:filterable="false" sap:label="Indicator"/><Property Name="EvMaxweight" Type="Edm.Decimal" Nullable="true" Precision="15" Scale="3" sap:creatable="false" sap:updatable="false"
					sap:sortable="false" sap:filterable="false" sap:label="Maximum Weight per O"/><Property Name="DocumentNumber" Type="Edm.String" Nullable="true" MaxLength="10" sap:creatable="false" sap:updatable="false"
					sap:sortable="false" sap:filterable="false" sap:label="Sales Document"/><Property Name="ItemNumber" Type="Edm.String" Nullable="true" MaxLength="6" sap:creatable="false" sap:updatable="false" sap:sortable="false"
					sap:filterable="false" sap:label="Item"/><Property Name="MaterialId" Type="Edm.String" Nullable="true" MaxLength="18" sap:creatable="false" sap:updatable="false"
					sap:sortable="false" sap:filterable="false" sap:label="Material"/><Property Name="CustMaterialId" Type="Edm.String" Nullable="true" MaxLength="18" sap:creatable="false" sap:updatable="false"
					sap:sortable="false" sap:filterable="false" sap:label="Material"/><Property Name="BaseMaterialId" Type="Edm.String" Nullable="true" MaxLength="48" sap:creatable="false" sap:updatable="false"
					sap:sortable="false" sap:filterable="false" sap:label="Basic material"/><Property Name="Quantity" Type="Edm.Decimal" Nullable="true" Precision="15" Scale="3" sap:creatable="false" sap:updatable="false"
					sap:sortable="false" sap:filterable="false" sap:label="Order quantity"/><Property Name="Uom" Type="Edm.String" Nullable="true" MaxLength="3" sap:creatable="false" sap:updatable="false" sap:sortable="false"
					sap:filterable="false" sap:semantics="unit-of-measure" sap:label="Base Unit"/><Property Name="UomExt" Type="Edm.String" Nullable="true" MaxLength="3" sap:creatable="false" sap:updatable="false" sap:sortable="false"
					sap:filterable="false" sap:label="Commercial"/><Property Name="UomDescription" Type="Edm.String" Nullable="true" MaxLength="30" sap:creatable="false" sap:updatable="false"
					sap:sortable="false" sap:filterable="false" sap:label="Unit text"/><Property Name="ContractNumber" Type="Edm.String" Nullable="true" MaxLength="10" sap:creatable="false" sap:updatable="false"
					sap:sortable="false" sap:filterable="false" sap:label="Sales Document"/><Property Name="ContractItemNo" Type="Edm.String" Nullable="true" MaxLength="6" sap:creatable="false" sap:updatable="false"
					sap:sortable="false" sap:filterable="false" sap:label="Item"/><Property Name="DocumentType" Type="Edm.String" Nullable="true" MaxLength="1" sap:creatable="false" sap:updatable="false"
					sap:sortable="false" sap:filterable="false" sap:label="Document cat."/><Property Name="TankId" Type="Edm.String" Nullable="true" MaxLength="10" sap:creatable="false" sap:updatable="false" sap:sortable="false"
					sap:filterable="false" sap:label="Seq no."/><Property Name="TankCapacity" Type="Edm.Decimal" Nullable="true" Precision="13" Scale="3" sap:creatable="false" sap:updatable="false"
					sap:sortable="false" sap:filterable="false" sap:label="Max. capacity"/><Property Name="TankUom" Type="Edm.String" Nullable="true" MaxLength="3" sap:creatable="false" sap:updatable="false" sap:sortable="false"
					sap:filterable="false" sap:semantics="unit-of-measure" sap:label="Volume UoM"/><Property Name="TankUomExt" Type="Edm.String" Nullable="true" MaxLength="3" sap:creatable="false" sap:updatable="false" sap:sortable="false"
					sap:filterable="false" sap:label="Commercial"/><Property Name="TankUomDescription" Type="Edm.String" Nullable="true" MaxLength="30" sap:creatable="false" sap:updatable="false"
					sap:sortable="false" sap:filterable="false" sap:label="Unit text"/><Property Name="SlaDate" Type="Edm.DateTime" Nullable="true" Precision="7" sap:creatable="false" sap:updatable="false" sap:sortable="false"
					sap:filterable="false" sap:label="Delivery Date"/><Property Name="MaterialDescription" Type="Edm.String" Nullable="true" MaxLength="256" sap:creatable="false" sap:updatable="false"
					sap:sortable="false" sap:filterable="false" sap:label="Text"/><Property Name="ItemVolume" Type="Edm.Decimal" Nullable="true" Precision="15" Scale="3" sap:creatable="false" sap:updatable="false"
					sap:sortable="false" sap:filterable="false" sap:label="Minimum volume"/><Property Name="OrderVolume" Type="Edm.Decimal" Nullable="true" Precision="15" Scale="3" sap:creatable="false" sap:updatable="false"
					sap:sortable="false" sap:filterable="false" sap:label="Minimum Vol per Ord"/><Property Name="Density" Type="Edm.Decimal" Nullable="true" Precision="13" Scale="3" sap:creatable="false" sap:updatable="false"
					sap:sortable="false" sap:filterable="false" sap:label="Net Weight"/></EntityType>
			<EntityType Name="InvoiceSrch" sap:content-version="1">
				<Key><PropertyRef Name="IvPartnerNumber"/></Key><Property Name="IvPartnerNumber" Type="Edm.String" Nullable="false" MaxLength="10" sap:creatable="false" sap:updatable="false"
					sap:sortable="false" sap:label="Business partner"/><Property Name="IvPartnerFunction" Type="Edm.String" Nullable="true" MaxLength="2" sap:creatable="false" sap:updatable="false"
					sap:sortable="false" sap:label="Partner Functn"/><Property Name="IvFromDate" Type="Edm.DateTime" Nullable="true" Precision="7" sap:creatable="false" sap:updatable="false"
					sap:sortable="false" sap:display-format="Date" sap:filter-restriction="single-value" sap:label="Valid From"/><Property Name="IvToDate" Type="Edm.DateTime" Nullable="true" Precision="7" sap:creatable="false" sap:updatable="false" sap:sortable="false"
					sap:display-format="Date" sap:filter-restriction="single-value" sap:label="Valid To"/><Property Name="IvPoNumber" Type="Edm.String" Nullable="true" MaxLength="35" sap:creatable="false" sap:updatable="false"
					sap:sortable="false" sap:label="PO number"/><Property Name="IvOrderNumber" Type="Edm.String" Nullable="true" MaxLength="10" sap:creatable="false" sap:updatable="false"
					sap:sortable="false" sap:label="Sales Document"/><Property Name="IvBillingDocNumber" Type="Edm.String" Nullable="true" MaxLength="10" sap:creatable="false" sap:updatable="false"
					sap:sortable="false" sap:label="Billing Doc."/><Property Name="IvLimit" Type="Edm.Int32" Nullable="true" sap:creatable="false" sap:updatable="false" sap:sortable="false"
					sap:label="Number"/><Property Name="IvMultiPartner" Type="Edm.Boolean" Nullable="true" sap:creatable="false" sap:updatable="false" sap:sortable="false"
					sap:filterable="false" sap:label="Indicator"/><Property Name="IvSalesOrg" Type="Edm.String" Nullable="true" MaxLength="4" sap:creatable="false" sap:updatable="false" sap:sortable="false"
					sap:label="Sales Org."/><Property Name="IvDistChannel" Type="Edm.String" Nullable="true" MaxLength="2" sap:creatable="false" sap:updatable="false"
					sap:sortable="false" sap:filterable="false" sap:label="Distr. Channel"/><Property Name="IvDivision" Type="Edm.String" Nullable="true" MaxLength="2" sap:creatable="false" sap:updatable="false" sap:sortable="false"
					sap:label="Division"/><Property Name="IvB2bFlag" Type="Edm.Boolean" Nullable="true" sap:creatable="false" sap:updatable="false" sap:sortable="false"
					sap:filterable="false" sap:label="Indicator"/><Property Name="IvTermAllow" Type="Edm.String" Nullable="true" MaxLength="30" sap:creatable="false" sap:updatable="false"
					sap:sortable="false" sap:label="Invoice Srch Optn"/><Property Name="IvMercServ" Type="Edm.String" Nullable="true" MaxLength="30" sap:creatable="false" sap:updatable="false"
					sap:sortable="false" sap:label="Invoice Srch Optn"/><Property Name="IvPayer" Type="Edm.String" Nullable="true" MaxLength="10" sap:creatable="false" sap:updatable="false" sap:sortable="false"
					sap:label="Customer"/><Property Name="IvSoldTo" Type="Edm.String" Nullable="true" MaxLength="10" sap:creatable="false" sap:updatable="false" sap:sortable="false"
					sap:label="Customer"/><Property Name="EvDeliveryDocket" Type="Edm.Boolean" Nullable="true" sap:creatable="false" sap:updatable="false" sap:sortable="false"
					sap:filterable="false" sap:label="Indicator"/><Property Name="EvShowCustomerDetails" Type="Edm.Boolean" Nullable="true" sap:creatable="false" sap:updatable="false" sap:sortable="false"
					sap:filterable="false" sap:label="Indicator"/><Property Name="EvInvoice" Type="Edm.Boolean" Nullable="true" sap:creatable="false" sap:updatable="false" sap:sortable="false"
					sap:filterable="false" sap:label="Indicator"/><Property Name="BillingDocNumber" Type="Edm.String" Nullable="true" MaxLength="10" sap:creatable="false" sap:updatable="false"
					sap:sortable="false" sap:filterable="false" sap:label="Sales Document"/><Property Name="BillingDocType" Type="Edm.String" Nullable="true" MaxLength="2" sap:creatable="false" sap:updatable="false"
					sap:sortable="false" sap:filterable="false" sap:label="Document Type"/><Property Name="BillingDocTypeDesc" Type="Edm.String" Nullable="true" MaxLength="60" sap:creatable="false" sap:updatable="false"
					sap:sortable="false" sap:filterable="false" sap:label="Short Descript."/><Property Name="OrderNumber" Type="Edm.String" Nullable="true" MaxLength="10" sap:creatable="false" sap:updatable="false"
					sap:sortable="false" sap:filterable="false" sap:label="Sales Document"/><Property Name="PoNumber" Type="Edm.String" Nullable="true" MaxLength="35" sap:creatable="false" sap:updatable="false" sap:sortable="false"
					sap:filterable="false" sap:label="PO number"/><Property Name="BillingDocDate" Type="Edm.String" Nullable="true" MaxLength="30" sap:creatable="false" sap:updatable="false"
					sap:sortable="false" sap:filterable="false" sap:label="BILLING_DOC_DATE"/><Property Name="PaymentDueDate" Type="Edm.String" Nullable="true" MaxLength="30" sap:creatable="false" sap:updatable="false"
					sap:sortable="false" sap:filterable="false" sap:label="PAYMENT_DUE_DATE"/><Property Name="NettAmount" Type="Edm.String" Nullable="true" MaxLength="30" sap:creatable="false" sap:updatable="false"
					sap:sortable="false" sap:filterable="false" sap:label="NETT_AMOUNT"/><Property Name="TaxAmount" Type="Edm.Decimal" Nullable="true" Precision="14" Scale="3" sap:creatable="false" sap:updatable="false"
					sap:sortable="false" sap:filterable="false" sap:unit="Currency" sap:label="Tax amount"/><Property Name="TotalAmount" Type="Edm.String" Nullable="true" MaxLength="30" sap:creatable="false" sap:updatable="false"
					sap:sortable="false" sap:filterable="false" sap:label="TOTAL_AMOUNT"/><Property Name="Currency" Type="Edm.String" Nullable="true" MaxLength="5" sap:creatable="false" sap:updatable="false" sap:sortable="false"
					sap:filterable="false" sap:semantics="currency-code" sap:label="Doc. Currency"/><Property Name="Status" Type="Edm.String" Nullable="true" MaxLength="40" sap:creatable="false" sap:updatable="false" sap:sortable="false"
					sap:filterable="false" sap:label="Status"/><Property Name="CreatedDate" Type="Edm.String" Nullable="true" MaxLength="30" sap:creatable="false" sap:updatable="false"
					sap:sortable="false" sap:filterable="false" sap:label="CREATED_DATE"/><Property Name="CreatedTime" Type="Edm.String" Nullable="true" MaxLength="30" sap:creatable="false" sap:updatable="false"
					sap:sortable="false" sap:filterable="false" sap:label="CREATED_TIME"/><Property Name="CustomerNumber" Type="Edm.String" Nullable="true" MaxLength="10" sap:creatable="false" sap:updatable="false"
					sap:sortable="false" sap:filterable="false" sap:label="Customer"/><Property Name="CustomerRef" Type="Edm.String" Nullable="true" MaxLength="10" sap:creatable="false" sap:updatable="false"
					sap:sortable="false" sap:filterable="false" sap:label="Customer"/><Property Name="CustomerName" Type="Edm.String" Nullable="true" MaxLength="160" sap:creatable="false" sap:updatable="false"
					sap:sortable="false" sap:filterable="false" sap:label="HR-CH: Very long character string"/><Property Name="DownloadDate" Type="Edm.String" Nullable="true" MaxLength="30" sap:creatable="false" sap:updatable="false"
					sap:sortable="false" sap:filterable="false" sap:label="DOWNLOAD_DATE"/><Property Name="DownloadTime" Type="Edm.String" Nullable="true" MaxLength="30" sap:creatable="false" sap:updatable="false"
					sap:sortable="false" sap:filterable="false" sap:label="DOWNLOAD_TIME"/><Property Name="Downloaded" Type="Edm.Boolean" Nullable="true" sap:creatable="false" sap:updatable="false" sap:sortable="false"
					sap:filterable="false" sap:label="Indicator"/><Property Name="Xblnr" Type="Edm.String" Nullable="true" MaxLength="16" sap:creatable="false" sap:updatable="false" sap:sortable="false"
					sap:filterable="false" sap:label="Reference"/><Property Name="FinalDestination" Type="Edm.String" Nullable="true" MaxLength="10" sap:creatable="false" sap:updatable="false"
					sap:sortable="false" sap:filterable="false" sap:label="Final Destination"/><Property Name="Imo" Type="Edm.String" Nullable="true" MaxLength="9" sap:creatable="false" sap:updatable="false" sap:sortable="false"
					sap:filterable="false" sap:label="IMO Number"/><Property Name="Vessel" Type="Edm.String" Nullable="true" MaxLength="30" sap:creatable="false" sap:updatable="false" sap:sortable="false"
					sap:filterable="false" sap:label="Vessel Name"/><Property Name="Flag" Type="Edm.String" Nullable="true" MaxLength="3" sap:creatable="false" sap:updatable="false" sap:sortable="false"
					sap:filterable="false" sap:label="Vessel Flag"/><Property Name="PaymentTerm" Type="Edm.String" Nullable="true" MaxLength="30" sap:creatable="false" sap:updatable="false"
					sap:sortable="false" sap:filterable="false" sap:label="Description"/><Property Name="AuthorizationNumber" Type="Edm.String" Nullable="true" MaxLength="20" sap:creatable="false" sap:updatable="false"
					sap:sortable="false" sap:filterable="false" sap:label="LID add-on"/><Property Name="CompanyCode" Type="Edm.String" Nullable="true" MaxLength="4" sap:creatable="false" sap:updatable="false"
					sap:sortable="false" sap:filterable="false" sap:label="Company Code"/><Property Name="FiscalYear" Type="Edm.String" Nullable="true" MaxLength="4" sap:creatable="false" sap:updatable="false" sap:sortable="false"
					sap:filterable="false" sap:label="Fiscal Year"/><Property Name="PaymentAdvice" Type="Edm.String" Nullable="true" MaxLength="10" sap:creatable="false" sap:updatable="false"
					sap:sortable="false" sap:filterable="false" sap:label="Payment doc.no."/><Property Name="PaymentDate" Type="Edm.String" Nullable="true" MaxLength="30" sap:creatable="false" sap:updatable="false"
					sap:sortable="false" sap:filterable="false" sap:label="30 Characters"/><Property Name="GroupingOrigin" Type="Edm.String" Nullable="true" MaxLength="8" sap:creatable="false" sap:updatable="false"
					sap:sortable="false" sap:filterable="false" sap:label="Grouping origin"/><Property Name="PayerNumber" Type="Edm.String" Nullable="true" MaxLength="10" sap:creatable="false" sap:updatable="false"
					sap:sortable="false" sap:filterable="false" sap:label="Customer"/></EntityType>
			<EntityType Name="ShipmentSrch" sap:content-version="1">
				<Key><PropertyRef Name="IvPartnerNumber"/></Key><Property Name="IvPartnerNumber" Type="Edm.String" Nullable="false" MaxLength="10" sap:creatable="false" sap:updatable="false"
					sap:sortable="false" sap:label="Business partner"/><Property Name="IvPartnerFunction" Type="Edm.String" Nullable="true" MaxLength="2" sap:creatable="false" sap:updatable="false"
					sap:sortable="false" sap:label="Partner Functn"/><Property Name="IvFromDate" Type="Edm.DateTime" Nullable="true" Precision="7" sap:creatable="false" sap:updatable="false"
					sap:sortable="false" sap:display-format="Date" sap:filter-restriction="single-value" sap:label="Valid From"/><Property Name="IvToDate" Type="Edm.DateTime" Nullable="true" Precision="7" sap:creatable="false" sap:updatable="false" sap:sortable="false"
					sap:display-format="Date" sap:filter-restriction="single-value" sap:label="Valid To"/><Property Name="IvPoNumber" Type="Edm.String" Nullable="true" MaxLength="35" sap:creatable="false" sap:updatable="false"
					sap:sortable="false" sap:label="PO number"/><Property Name="IvOrderNumber" Type="Edm.String" Nullable="true" MaxLength="10" sap:creatable="false" sap:updatable="false"
					sap:sortable="false" sap:label="Billing Doc."/><Property Name="IvShipmentNumber" Type="Edm.String" Nullable="true" MaxLength="10" sap:creatable="false" sap:updatable="false"
					sap:sortable="false" sap:label="Shipment Number"/><Property Name="IvLimit" Type="Edm.Int32" Nullable="true" sap:creatable="false" sap:updatable="false" sap:sortable="false"
					sap:label="Number"/><Property Name="IvMultiPartner" Type="Edm.Boolean" Nullable="true" sap:creatable="false" sap:updatable="false" sap:sortable="false"
					sap:filterable="false" sap:label="Indicator"/><Property Name="IvUserType" Type="Edm.String" Nullable="true" MaxLength="2" sap:creatable="false" sap:updatable="false" sap:sortable="false"
					sap:label="Portal User Tp"/><Property Name="IvSalesOrg" Type="Edm.String" Nullable="true" MaxLength="4" sap:creatable="false" sap:updatable="false" sap:sortable="false"
					sap:label="Sales Org."/><Property Name="IvDistChannel" Type="Edm.String" Nullable="true" MaxLength="2" sap:creatable="false" sap:updatable="false"
					sap:sortable="false" sap:label="Distr. Channel"/><Property Name="IvDivision" Type="Edm.String" Nullable="true" MaxLength="2" sap:creatable="false" sap:updatable="false" sap:sortable="false"
					sap:label="Division"/><Property Name="EvShowLicensePlate" Type="Edm.Boolean" Nullable="true" sap:creatable="false" sap:updatable="false" sap:sortable="false"
					sap:filterable="false" sap:label="Indicator"/><Property Name="ShipmentNumber" Type="Edm.String" Nullable="true" MaxLength="10" sap:creatable="false" sap:updatable="false"
					sap:sortable="false" sap:filterable="false" sap:label="Shipment Number"/><Property Name="DeliveryNumber" Type="Edm.String" Nullable="true" MaxLength="10" sap:creatable="false" sap:updatable="false"
					sap:sortable="false" sap:filterable="false" sap:label="Delivery"/><Property Name="OrderNumber" Type="Edm.String" Nullable="true" MaxLength="10" sap:creatable="false" sap:updatable="false"
					sap:sortable="false" sap:filterable="false" sap:label="Sales Document"/><Property Name="PoNumber" Type="Edm.String" Nullable="true" MaxLength="35" sap:creatable="false" sap:updatable="false" sap:sortable="false"
					sap:filterable="false" sap:label="PO number"/><Property Name="CustomerNumber" Type="Edm.String" Nullable="true" MaxLength="10" sap:creatable="false" sap:updatable="false"
					sap:sortable="false" sap:filterable="false" sap:label="Customer"/><Property Name="CustomerRef" Type="Edm.String" Nullable="true" MaxLength="10" sap:creatable="false" sap:updatable="false"
					sap:sortable="false" sap:filterable="false" sap:label="Customer"/><Property Name="CustomerName" Type="Edm.String" Nullable="true" MaxLength="160" sap:creatable="false" sap:updatable="false"
					sap:sortable="false" sap:filterable="false" sap:label="HR-CH: Very long character string"/><Property Name="DateCreated" Type="Edm.String" Nullable="true" MaxLength="30" sap:creatable="false" sap:updatable="false"
					sap:sortable="false" sap:filterable="false" sap:label="DATE_CREATED"/><Property Name="TimeCreated" Type="Edm.String" Nullable="true" MaxLength="30" sap:creatable="false" sap:updatable="false"
					sap:sortable="false" sap:filterable="false" sap:label="TIME_CREATED"/><Property Name="StatusId" Type="Edm.String" Nullable="true" MaxLength="1" sap:creatable="false" sap:updatable="false" sap:sortable="false"
					sap:filterable="false" sap:label="Single-Character Indicator"/><Property Name="ShipmentType" Type="Edm.String" Nullable="true" MaxLength="1" sap:creatable="false" sap:updatable="false"
					sap:sortable="false" sap:filterable="false" sap:label="Document cat."/><Property Name="ShipmentDate" Type="Edm.String" Nullable="true" MaxLength="30" sap:creatable="false" sap:updatable="false"
					sap:sortable="false" sap:filterable="false" sap:label="SHIPMENT_DATE"/><Property Name="ShipmentTime" Type="Edm.String" Nullable="true" MaxLength="30" sap:creatable="false" sap:updatable="false"
					sap:sortable="false" sap:filterable="false" sap:label="SHIPMENT_TIME"/><Property Name="DateText" Type="Edm.String" Nullable="true" MaxLength="40" sap:creatable="false" sap:updatable="false" sap:sortable="false"
					sap:filterable="false" sap:label="Status"/><Property Name="Status" Type="Edm.String" Nullable="true" MaxLength="40" sap:creatable="false" sap:updatable="false" sap:sortable="false"
					sap:filterable="false" sap:label="Status"/><Property Name="ShipToNumber" Type="Edm.String" Nullable="true" MaxLength="10" sap:creatable="false" sap:updatable="false"
					sap:sortable="false" sap:filterable="false" sap:label="Customer"/><Property Name="ShipToRef" Type="Edm.String" Nullable="true" MaxLength="10" sap:creatable="false" sap:updatable="false" sap:sortable="false"
					sap:filterable="false" sap:label="Customer"/><Property Name="ShipToName" Type="Edm.String" Nullable="true" MaxLength="160" sap:creatable="false" sap:updatable="false"
					sap:sortable="false" sap:filterable="false" sap:label="HR-CH: Very long character string"/><Property Name="LicensePlate" Type="Edm.String" Nullable="true" MaxLength="20" sap:creatable="false" sap:updatable="false"
					sap:sortable="false" sap:filterable="false" sap:label="License Plate"/><Property Name="LoadIds" Type="Edm.String" Nullable="true" MaxLength="255" sap:creatable="false" sap:updatable="false" sap:sortable="false"
					sap:filterable="false" sap:label="Long String"/><Property Name="DelNote" Type="Edm.String" Nullable="true" MaxLength="255" sap:creatable="false" sap:updatable="false" sap:sortable="false"
					sap:filterable="false" sap:label="Long String"/><Property Name="TruckLicense" Type="Edm.String" Nullable="true" MaxLength="10" sap:creatable="false" sap:updatable="false"
					sap:sortable="false" sap:filterable="false" sap:label="Truck Number Plate"/><Property Name="TasCustRef" Type="Edm.String" Nullable="true" MaxLength="30" sap:creatable="false" sap:updatable="false"
					sap:sortable="false" sap:filterable="false" sap:label="TAS Customer Ref"/><Property Name="FinalDestination" Type="Edm.String" Nullable="true" MaxLength="10" sap:creatable="false" sap:updatable="false"
					sap:sortable="false" sap:filterable="false" sap:label="Final Destination"/><Property Name="Imo" Type="Edm.String" Nullable="true" MaxLength="9" sap:creatable="false" sap:updatable="false" sap:sortable="false"
					sap:filterable="false" sap:label="IMO Number"/><Property Name="Vessel" Type="Edm.String" Nullable="true" MaxLength="30" sap:creatable="false" sap:updatable="false" sap:sortable="false"
					sap:filterable="false" sap:label="Vessel Name"/><Property Name="Flag" Type="Edm.String" Nullable="true" MaxLength="3" sap:creatable="false" sap:updatable="false" sap:sortable="false"
					sap:filterable="false" sap:label="Vessel Flag"/><Property Name="PaymentTerm" Type="Edm.String" Nullable="true" MaxLength="30" sap:creatable="false" sap:updatable="false"
					sap:sortable="false" sap:filterable="false" sap:label="Description"/><Property Name="AuthorizationNumber" Type="Edm.String" Nullable="true" MaxLength="20" sap:creatable="false" sap:updatable="false"
					sap:sortable="false" sap:filterable="false" sap:label="LID add-on"/></EntityType>
			<Association Name="ReturnMessageInOrderSrch" sap:content-version="1"><End Type="ZCSP_GSD_PORTAL_SRV.OrderSrch" Multiplicity="*" Role="FromRole_ReturnMessageInOrderSrch"/><End Type="ZCSP_GSD_PORTAL_SRV.ReturnMessage" Multiplicity="*" Role="ToRole_ReturnMessageInOrderSrch"/>
				<ReferentialConstraint>
					<Principal Role="FromRole_ReturnMessageInOrderSrch"><PropertyRef Name="OrderNumber"/><PropertyRef Name="OrderItemNo"/></Principal>
					<Dependent Role="ToRole_ReturnMessageInOrderSrch"><PropertyRef Name="OrderNumber"/><PropertyRef Name="OrderItemNo"/></Dependent>
				</ReferentialConstraint>
			</Association>
			<Association Name="SalesAreaInOrderSrch" sap:content-version="1"><End Type="ZCSP_GSD_PORTAL_SRV.OrderSrch" Multiplicity="*" Role="FromRole_SalesAreaInOrderSrch"/><End Type="ZCSP_GSD_PORTAL_SRV.SalesArea" Multiplicity="*" Role="ToRole_SalesAreaInOrderSrch"/>
				<ReferentialConstraint>
					<Principal Role="FromRole_SalesAreaInOrderSrch"><PropertyRef Name="OrderNumber"/><PropertyRef Name="OrderItemNo"/></Principal>
					<Dependent Role="ToRole_SalesAreaInOrderSrch"><PropertyRef Name="OrderNumber"/><PropertyRef Name="OrderItemNo"/></Dependent>
				</ReferentialConstraint>
			</Association>
			<EntityContainer Name="ZCSP_GSD_PORTAL_SRV_Entities" m:IsDefaultEntityContainer="true" sap:supported-formats="atom json xlsx"><EntitySet Name="OrderSrchSet" EntityType="ZCSP_GSD_PORTAL_SRV.OrderSrch" sap:content-version="1" sap:creatable="false"
				sap:updatable="false" sap:deletable="false" sap:pageable="false" sap:addressable="false"/><EntitySet Name="ReturnMessageSet" EntityType="ZCSP_GSD_PORTAL_SRV.ReturnMessage" sap:content-version="1" sap:creatable="false"
				sap:updatable="false" sap:deletable="false" sap:pageable="false" sap:addressable="false"/><EntitySet Name="SalesAreaSet" EntityType="ZCSP_GSD_PORTAL_SRV.SalesArea" sap:content-version="1" sap:creatable="false"
				sap:updatable="false" sap:deletable="false" sap:pageable="false" sap:addressable="false"/><EntitySet Name="BulkStatusSrchSet" EntityType="ZCSP_GSD_PORTAL_SRV.BulkStatusSrch" sap:content-version="1" sap:creatable="false"
				sap:updatable="false" sap:deletable="false" sap:pageable="false" sap:addressable="false"/><EntitySet Name="CustomerSrchSet" EntityType="ZCSP_GSD_PORTAL_SRV.CustomerSrch" sap:content-version="1" sap:creatable="false"
				sap:updatable="false" sap:deletable="false" sap:pageable="false"/><EntitySet Name="ShiptoSrchSet" EntityType="ZCSP_GSD_PORTAL_SRV.ShiptoSrch" sap:content-version="1" sap:creatable="false"
				sap:updatable="false" sap:deletable="false" sap:pageable="false"/><EntitySet Name="MaterialSrchSet" EntityType="ZCSP_GSD_PORTAL_SRV.MaterialSrch" sap:content-version="1" sap:creatable="false"
				sap:updatable="false" sap:deletable="false" sap:pageable="false"/><EntitySet Name="InvoiceSrchSet" EntityType="ZCSP_GSD_PORTAL_SRV.InvoiceSrch" sap:content-version="1" sap:creatable="false"
				sap:updatable="false" sap:deletable="false" sap:pageable="false"/><EntitySet Name="ShipmentSrchSet" EntityType="ZCSP_GSD_PORTAL_SRV.ShipmentSrch" sap:content-version="1" sap:creatable="false"
				sap:updatable="false" sap:deletable="false" sap:pageable="false"/>
				<AssociationSet Name="ReturnMessageInOrderSrchSet" Association="ZCSP_GSD_PORTAL_SRV.ReturnMessageInOrderSrch" deletable="false"
					creatable="false" updatable="false"><End EntitySet="OrderSrchSet" Role="FromRole_ReturnMessageInOrderSrch"/><End EntitySet="ReturnMessageSet" Role="ToRole_ReturnMessageInOrderSrch"/></AssociationSet>
				<AssociationSet Name="SalesAreaInOrderSrchSet" Association="ZCSP_GSD_PORTAL_SRV.SalesAreaInOrderSrch" deletable="false" creatable="false"
					updatable="false"><End EntitySet="OrderSrchSet" Role="FromRole_SalesAreaInOrderSrch"/><End EntitySet="SalesAreaSet" Role="ToRole_SalesAreaInOrderSrch"/></AssociationSet>
			</EntityContainer><atom:link xmlns:atom="http://www.w3.org/2005/Atom" rel="self"
				href="https://gwaas-v3evo62hz0.eu2.hana.ondemand.com:443/odata/SAP/ZCSP_GSD_PORTAL_SRV/$metadata"/><atom:link xmlns:atom="http://www.w3.org/2005/Atom" rel="latest-version"
				href="https://gwaas-v3evo62hz0.eu2.hana.ondemand.com:443/odata/SAP/ZCSP_GSD_PORTAL_SRV/$metadata"/></Schema>
	</edmx:DataServices>
</edmx:Edmx>