<core:FragmentDefinition xmlns="sap.m" xmlns:core="sap.ui.core">
	<Dialog xmlns="sap.m" xmlns:l="sap.ui.layout" xmlns:f="sap.ui.layout.form" title="Advance Details" showHeader="true" 
		class="sapUiSizeCompact"><!-- contentWidth="28%" -->
		<content>
				<!-- <VBox class="sapUiSmallMargin">
				<FlexBox direction="Column"
					fitContainer="true">
					<FlexBox direction="Column" fitContainer="true">
						<Label text="Boarding Allowances" design="Bold"/>
						<Text text="Daily: 40.0 EUR	" />
					</FlexBox>
					<FlexBox class="magintopText" direction="Column"
						fitContainer="true">
						<Label text="Lodging Eligibility" design="Bold"/>
						<Text text="Daily: 90.0 EUR	"></Text>
					</FlexBox>
					<FlexBox class="magintopText" direction="Column"
						fitContainer="true">
						<Label text="Conveyance Eligibility	" design="Bold"/>
						<Text text="Daily: 70.0 EUR	"></Text>
					</FlexBox>
				</FlexBox>
			</VBox> -->
			<VBox class="sapUiSmallMargin">
		<f:SimpleForm editable="false" layout="ResponsiveGridLayout" labelSpanXL="4" labelSpanL="4" labelSpanM="4" labelSpanS="12"
			adjustLabelSpan="false" emptySpanXL="0" emptySpanL="0" emptySpanM="0" emptySpanS="0" columnsXL="3" columnsL="2" columnsM="2"
			singleContainerFullSize="false">
			<f:content>
				<core:Title/>
				<Label text="Boarding Allowances" design="Bold"/>
				<Text text="Daily: 40.0 EUR" />
				
				<Label text="Lodging Eligibility" design="Bold"/>
				<Text text="Daily: 90.0 EUR"/>
				
				<Label text="Conveyance Eligibility" design="Bold"/>
				<Text text="Daily: 70.0 EUR"/>
				
			</f:content>
		</f:SimpleForm>
	</VBox>
		</content>
		<endButton>
			<Button text="Close" type="Reject" press="onClosePopup"/>
		</endButton>
	</Dialog>
</core:FragmentDefinition>