<core:FragmentDefinition xmlns="sap.m" xmlns:core="sap.ui.core">
	<Dialog title="PRIMARY INFORMATION" xmlns:l="sap.ui.layout" xmlns:f="sap.ui.layout.form" class="sapUiSizeCompact">
		<VBox class="sapUiSmallMargin">
			<f:SimpleForm editable="false" layout="ResponsiveGridLayout" labelSpanXL="3" labelSpanL="3" labelSpanM="3" labelSpanS="12"
				adjustLabelSpan="false" emptySpanXL="4" emptySpanL="4" emptySpanM="4" emptySpanS="0" columnsXL="1" columnsL="1" columnsM="1"
				singleContainerFullSize="false">
				<f:content>
					<Label text="From Date"/>
					<DatePicker placeholder="From Date" id="idFromDateC" displayFormat="dd/MM/yyyy" valueFormat="dd/MM/yyyy"/>
					<Label text="To Date"/>
					<DatePicker placeholder="To Date" id="idToDateC" displayFormat="dd/MM/yyyy" valueFormat="dd/MM/yyyy"/>
					<Label text="From Country"/>
					<ComboBox id="idFromCountryC" placeholder="From Country">
						<items>
							<core:ListItem key="1" text="India"/>
							<core:ListItem key="2" text="Germany"/>
							<core:ListItem key="3" text="Australia"/>
							<core:ListItem key="4" text="Canada"/>
							<core:ListItem key="5" text="Italy"/>
						</items>
					</ComboBox>
					<Label text="To Country"/>
					<ComboBox id="idToCountryC" placeholder="To Country">
						<items>
							<core:ListItem key="1" text="India"/>
							<core:ListItem key="2" text="Germany"/>
							<core:ListItem key="3" text="Australia"/>
							<core:ListItem key="4" text="Canada"/>
							<core:ListItem key="5" text="Italy"/>
						</items>
					</ComboBox>
					<Label text="From Location"/>
					<ComboBox id="idFromLocationC" placeholder="From Location">
						<items>
							<core:ListItem key="1" text="Andhra Pradesh"/>
							<core:ListItem key="2" text="Telangana"/>
							<core:ListItem key="3" text="Bangalore"/>
							<core:ListItem key="4" text="Chennai"/>
							<core:ListItem key="5" text="Delhi"/>
						</items>
					</ComboBox>
					<Label text="To Location"/>
					<ComboBox id="idToLocationC" placeholder="To Location">
						<items>
							<core:ListItem key="1" text="Andhra Pradesh"/>
							<core:ListItem key="2" text="Telangana"/>
							<core:ListItem key="3" text="Bangalore"/>
							<core:ListItem key="4" text="Chennai"/>
							<core:ListItem key="5" text="Delhi"/>
						</items>
					</ComboBox>
				</f:content>
			</f:SimpleForm>
		</VBox>
		<beginButton>
			<Button text="Proceed" type="Accept" press="onPressProceed"/>
		</beginButton>
		<endButton >
			<Button text="Cancel" type="Reject" press="onCancelCreate"/>
		</endButton>
	</Dialog>
</core:FragmentDefinition>