{
    "application": {
        "id": "",
        "title": "IT_SPM_DM.itspmrepository",
        "description": "itspmdm",
        "type": "SAP_UI5_Component",
        "componentUrl": "/",
        "appUrl": "#itspmrepository-Display",
        "navigationComponentName": "IT_SPM_DM",
        "intentSemanticObject": "itspmrepository",
        "intentAction": "Display",
        "html5ApplicationName": "itspmrepository",
        "HCPParentApplicationName": ""
    },
    "assignment": {
        "groups": [
            "398fe994-32e7-4586-8027-bdb36bd829b4"
        ],
        "contentPackages": [
            "26fc01d2-6479-4f65-b23a-8c10e48c109b"
        ],
        "categories": []
    },
    "tile": {
        "type": "StaticTile",
        "title": "ITSPMDM",
        "subtitle": "",
        "searchKeywords": "ITSPMDM,",
        "displayIconUrl": "sap-icon://account",
        "displayInfoText": "",
        "size": "1x1",
        "serviceURL": "",
        "refreshInterval": ""
    }
}