{
  "welcomeFile": "/webapp/index.html",
  "routes": [
    {
      "path": "/resources",
      "target": {
        "type": "service",
        "name": "sapui5",
        "entryPath": "/resources",
        "version": "1.46.12"
      },
      "description": "SAPUI5 Resources"
    },
    {
      "path": "/test-resources",
      "target": {
        "type": "service",
        "name": "sapui5",
        "entryPath": "/test-resources",
        "version": "1.46.12"
      },
      "description": "SAPUI5 Test Resources"
    },
    {
      "path": "/itspm_dm",
      "target": {
        "type": "destination",
        "name": "java_itspmdm"
      },
      "description": "Demand Management Service"
    },
	{
	"path": "/feedback",
	"target": {
		"type": "destination",
		"name": "feedback",
		"entryPath": "<Application Feedback-Service ID>/posts"
		},
	"description": "Feedback Service"
	}, 
    {
      "path": "/services/userapi",
      "target": {
        "type": "service",
        "name": "userapi"
      }
    }
  ],
  "sendWelcomeFileRedirect": true
}