{	"editable":false,
	"busy":false,
	"butonVisible":true,
	"deviceVisible":true,
	"simVisible":true,
	"ProductCollection": [
		{
			"RequestNo": "100001461",
			"pendingWith": "Sandeep Kusuma",
			"From": "10/02/2020",
			"To": "12/02/2020",
			"FromCountry": "India",
			"ToCountry": "Italy",
			"Status": "TR Saved",
			"FromLocation":"Bangalore",
			"ToLocation":"Milan",
			"Duration":2,
			"Visa":"V01",
			"Purpose":"Project",
			"Mobile":"9876543210",
			"Insurance":"No",
			"Meal":"Yes",
			"Seat":"No",
			"VisaAvailablity":"No",
			"Sim":"Yes",
			"SimType":"Micro",
			"Internet":"Yes",
			"TravelTo":"Global Customer",
			"Comment":"No"
			
		},
		{
			"RequestNo": "100001462",
			"Status": "TR Saved",
			"pendingWith": "Chandeep Mudigolam",
			"From": "14/02/2020",
			"To": "15/02/2020",
			"FromCountry": "India",
			"FromLocation":"Bangalore",
			"ToLocation":"FrankFut",
			"ToCountry": "Germany",
			"Duration":2,
			"Visa":"V01",
			"Purpose":"Project",
			"Mobile":"9876543210",
			"Insurance":"No",
			"Meal":"Yes",
			"Seat":"No",
			"VisaAvailablity":"No",
			"Sim":"Yes",
			"SimType":"Nano",
			"Internet":"No",
			"TravelTo":"With in Bosch",
			"Comment":"Yes"
		},
		{
			"RequestNo": "100001463",
			"Status": "TR Submitted",
			"pendingWith": "Madhu Soodhan",
			"From": "18/02/2020",
			"To": "19/02/2020",
			"FromCountry": "India, Bangalore",
			"ToCountry": "Soudi",
			"FromLocation":"Bangalore",
			"ToLocation":"Soudi",
			"Duration":2,
			"Visa":"V01",
			"Purpose":"Project",
			"Mobile":"9876543210",
			"Insurance":"No",
			"Meal":"Yes",
			"Seat":"No",
			"VisaAvailablity":"No",
			"Sim":"Yes",
			"SimType":"Nano",
			"Internet":"Yes",
			"TravelTo":"With in RBEI",
			"Comment":"No"
		},
		{
			"RequestNo": "100001464",
			"pendingWith": "Durga Prasad",
			"Status": "TR Rejected",
			"From": "19/02/2020",
			"To": "20/02/2020",
			"FromCountry": "India, Bangalore",
			"ToCountry": "USA",
			"FromLocation":"Bangalore",
			"ToLocation":" New york",
			"Duration":2,
			"Visa":"V01",
			"Purpose":"Project",
			"Mobile":"9876543210",
			"Insurance":"No",
			"Meal":"Yes",
			"Seat":"No",
			"VisaAvailablity":"No",
			"Sim":"Yes",
			"SimType":"Micro",
			"Internet":"Yes",
			"TravelTo":"With in Bosch",
			"Comment":"No"
		},
		{
			"RequestNo": "100001465",
			"pendingWith": "Paramita Mitra",
			"Status": "TR Saved",
			"From": "25/02/2020",
			"To": "26/02/2020",
			"FromCountry": "India, Bangalore",
			"ToCountry": "Geramny",
			"FromLocation":"Bangalore",
			"ToLocation":"Frankfut",
			"Duration":2,
			"Visa":"V01",
			"Purpose":"Project",
			"Mobile":"9876543210",
			"Insurance":"No",
			"Meal":"Yes",
			"Seat":"No",
			"VisaAvailablity":"No",
			"Sim":"Yes",
			"SimType":"Micro",
			"Internet":"Yes",
			"TravelTo":"With in Bosch",
			"Comment":"No"
		},
		{
			"RequestNo": "100001466",
			"pendingWith": "Chandeep Mudigolam",
			"From": "10/02/2020 ",
			"To": "27/02/2020",
			"FromCountry": "India, Bangalore",
			"ToCountry": "USA, New york",
			"Status": "TR Approved",
			"FromLocation":"Bangalore",
			"ToLocation":" New york",
			"Duration":2,
			"Visa":"V01",
			"Purpose":"Project",
			"Mobile":"9876543210",
			"Insurance":"No",
			"Meal":"Yes",
			"Seat":"No",
			"VisaAvailablity":"No",
			"Sim":"Yes",
			"SimType":"Micro",
			"Internet":"Yes",
			"TravelTo":"With in RBEI",
			"Comment":"No"
		},
		{
			"RequestNo": "100001467",
			"pendingWith": "Madhu Soodhan",
			"Status": "TR Approved",
			"From": "16/02/2020",
			"To": "28/02/2020",
			"FromCountry": "India, Bangalore",
			"ToCountry": "UK",
			"FromLocation":"Bangalore",
			"ToLocation":" Canada",
			"Duration":2,
			"Visa":"V01",
			"Purpose":"Project",
			"Mobile":"9876543210",
			"Insurance":"No",
			"Meal":"Yes",
			"Seat":"No",
			"VisaAvailablity":"No",
			"Sim":"Yes",
			"SimType":"Nano",
			"Internet":"Yes",
			"TravelTo":"Global Customer",
			"Comment":"No"
		},
		{
			"RequestNo": "100001468",
			"pendingWith": "Chandeep Mudigolam",
			"Status": "Sent for Approval",
			"From": "10/02/2020",
			"To": "12/02/2020",
			"FromCountry": "India, Bangalore",
			"ToCountry": "USA, New york",
			"FromLocation":"Bangalore",
			"ToLocation":" New york",
			"Duration":2,
			"Visa":"V01",
			"Purpose":"Project",
			"Mobile":"9876543210",
			"Insurance":"No",
			"Meal":"Yes",
			"Seat":"No",
			"VisaAvailablity":"No",
			"Sim":"Yes",
			"SimType":"Micro",
			"Internet":"Yes",
			"TravelTo":"With in RBEI",
			"Comment":"Test Comments"
		},
		{
			"RequestNo": "100001469",
			"pendingWith": "Madhu Soodhan",
			"Status": "TR Saved",
			"From": "17/02/2020",
			"To": "19/02/2020",
			"FromCountry": "India, Bangalore",
			"ToCountry": "Germany",
			"FromLocation":"Bangalore",
			"ToLocation":"Frankfut",
			"Duration":2,
			"Visa":"V01",
			"Purpose":"Project",
			"Mobile":"9876543210",
			"Insurance":"No",
			"Meal":"Yes",
			"Seat":"No",
			"VisaAvailablity":"No",
			"Sim":"Yes",
			"SimType":"Micro",
			"Internet":"Yes",
			"TravelTo":"With in Bosch",
			"Comment":"No"
			
		},
		{
			"RequestNo": "100001470",
			"pendingWith": "Paramita Mitra",
			"Status": "Sent back",
			"From": "10/02/2020",
			"To": "12/02/2020",
			"FromCountry": "India, Bangalore",
			"ToCountry": "USA",
			"FromLocation":"Bangalore",
			"ToLocation":" New york",
			"Duration":2,
			"Visa":"V01",
			"Purpose":"Project",
			"Mobile":"9876543210",
			"Insurance":"No",
			"Meal":"Yes",
			"Seat":"No",
			"VisaAvailablity":"No",
			"Sim":"Yes",
			"SimType":"Nano",
			"Internet":"No",
			"TravelTo":"With in RBEI",
			"Comment":"No"
		}
	]
}
