{
	"items": [{
		"Year": "2012",
		"Milk": "20",
		"Sugar": "35",
		"Tea": "15"
    },
    {
		"Year": "2017",
		"Milk": "45",
		"Sugar": "25",
		"Tea": "15"
    },
    {
		"Year": "2018",
		"Milk": "50",
		"Sugar": "25",
		"Tea": "35"
    },
    {
		"Year": "2019",
		"Milk": "70",
		"Sugar": "15",
		"Tea": "25"
	}, {
		"Year": "2013",
		"Milk": "30",
		"Sugar": "10",
		"Tea": "10"
	}, {
		"Year": "2014",
		"Milk": "35",
		"Sugar": "15",
		"Tea": "15"
	}, {
		"Year": "2015",
		"Milk": "60",
		"Sugar": "20",
		"Tea": "20"
	}, {
		"Year": "2016",
		"Milk": "70",
		"Sugar": "40",
		"Tea": "40"
	}]
}

