<?xml version="1.0" encoding="utf-8"?>
<edmx:Edmx xmlns:edmx="http://schemas.microsoft.com/ado/2007/06/edmx" xmlns:m="http://schemas.microsoft.com/ado/2007/08/dataservices/metadata" xmlns:sap="http://www.sap.com/Protocols/SAPData" Version="1.0">
<edmx:DataServices m:DataServiceVersion="2.0">
<Schema xmlns="http://schemas.microsoft.com/ado/2008/09/edm" Namespace="ZAPI_BP_FLEET_INF_SRV" xml:lang="en" sap:schema-version="1">
<EntityType Name="FLEET_INFO" sap:content-version="1">
<Key>
<PropertyRef Name="Mandt"/>
</Key>
<Property Name="Mandt" Type="Edm.String" Nullable="false" MaxLength="3" sap:unicode="false" sap:label="Client" sap:creatable="false" sap:updatable="false" sap:sortable="false" sap:filterable="false"/>
<Property Name="Partner1" Type="Edm.String" Nullable="false" MaxLength="10" sap:unicode="false" sap:label="BusinessPartner" sap:creatable="false" sap:updatable="false" sap:sortable="false" sap:filterable="false"/>
<Property Name="Partner" Type="Edm.String" Nullable="false" MaxLength="10" sap:unicode="false" sap:label="BusinessPartner" sap:creatable="false" sap:updatable="false" sap:sortable="false" sap:filterable="false"/>
<Property Name="Bu_Sort1" Type="Edm.String" Nullable="false" MaxLength="20" sap:unicode="false" sap:label="Search term 1" sap:creatable="false" sap:updatable="false" sap:sortable="false" sap:filterable="false"/>
<Property Name="Bu_Sort2" Type="Edm.String" Nullable="false" MaxLength="20" sap:unicode="false" sap:label="Search term 2" sap:creatable="false" sap:updatable="false" sap:sortable="false" sap:filterable="false"/>
<Property Name="Cnt" Type="Edm.String" Nullable="false" MaxLength="3" sap:unicode="false" sap:label="3-Byte field" sap:creatable="false" sap:updatable="false" sap:sortable="false" sap:filterable="false"/>
<Property Name="Date_To" Type="Edm.DateTime" Nullable="false" Precision="7" sap:unicode="false" sap:label="Valid To" sap:creatable="false" sap:updatable="false" sap:sortable="false" sap:filterable="false"/>
<Property Name="Date_From" Type="Edm.DateTime" Nullable="false" Precision="7" sap:unicode="false" sap:label="Valid From" sap:creatable="false" sap:updatable="false" sap:sortable="false" sap:filterable="false"/>
</EntityType>
<EntityContainer Name="ZAPI_BP_FLEET_INF_SRV_Entities" m:IsDefaultEntityContainer="true" sap:supported-formats="atom json xlsx">
<EntitySet Name="FLEET_INFOSet" EntityType="ZAPI_BP_FLEET_INF_SRV.FLEET_INFO" sap:creatable="false" sap:updatable="false" sap:deletable="false" sap:pageable="false" sap:content-version="1"/>
</EntityContainer>
<atom:link xmlns:atom="http://www.w3.org/2005/Atom" rel="self" href="https://local-sbx:8800/sap/opu/odata/sap/ZAPI_BP_FLEET_INF_SRV/$metadata"/>
<atom:link xmlns:atom="http://www.w3.org/2005/Atom" rel="latest-version" href="https://local-sbx:8800/sap/opu/odata/sap/ZAPI_BP_FLEET_INF_SRV/$metadata"/>
</Schema>
</edmx:DataServices>
</edmx:Edmx>