{
	"CostAssignment": [{
			"percent": "50",
			"fund": "F01",
			"budget": "BSH",
			"wbs": "EI-104006-01",
			"cost": "0000652100",
			"code": "106"
		}, {
			"percent": "50",
			"fund": "F01",
			"budget": "BSH",
			"wbs": "EI-104006-01",
			"cost": "0000652100",
			"code": "107"
		}

	],
	"Travel": [{
			"type": "BUSR",
			"Traveller": "Chandeep",
			"From": "India",
			"To": "Germany",
			"Depdate": "26/05/2020",
			"DeptTime": "2:00",
			"ArrDate": "26/05/2020",
			"ArrTime": "18:00",
			"Mode": "Air"
		},
		{
			"type": "BUSR",
			"Traveller": "Chandeep",
			"From": "Germany",
			"To": "India",
			"Depdate": "29/05/2020",
			"DeptTime": "1:00",
			"ArrDate": "29/05/2020",
			"ArrTime": "10:00",
			"Mode": "Air"
		}
	],
	"SuggestionFund": [{
			"title": "F01",
			"info": "6521",
			"description": "RBEI Fund"
		},
		{
			"title": "F02",
			"info": "6522",
			"description": "Customer-VKM Fund"
		},
		{
			"title": "F03",
			"info": "6523",
			"description": "Customer-At actuals"
		},
		{
			"title": "F04",
			"info": "6524",
			"description": "Customer Consolidated"
		},
		{
			"title": "F08",
			"info": "6525",
			"description": "F08Fund"
		}
	],
	"BudgetCenter": [{
			"title": "BSH",
			"description": "ENTERPRISE SOLUTIONS - SAP"
		},
		{
			"title": "BSS",
			"description": "RBEI/BSS"
		},
		{
			"title": "BSV",
			"description": "RBEI/BSV"
		},
		{
			"title": "P",
			"description": "RBEI/P"
		}
	],
	"WBSElement": [{
			"title": "EI-104006-01",
			"description": "MCR BAN_IN_RBEI Support for CI Singapore"
		},
		{
			"title": "EI-104005-01",
			"description": "BAN_IN_DC design project"
		},
		{
			"title": "EI-104004-01",
			"description": "MCR BAN_IN_ST MDT Development"
		},
		{
			"title": "EI-104002-01",
			"description": "BAN_IN RPP_Consultancy"
		},
		{
			"title": "EI-106339-01",
			"description": "BAN_IN_AAG_SF_HCM"
		}
	],
	"CostCenter": [{
			"title": "0000652100",
			"info": "0010",
			"description": "Enterprise Solutions"
		},
		{
			"title": "0000652C44",
			"info": "0010",
			"description": "Enterprise Solutions"
		}
	],
	"BudgetCode": [{
			"title": "106",
			"description": "TRAVEL-FOREIGN"
		},
		{
			"title": "107",
			"description": "TRAVEL FOR TRAINING"
		}
	],
	"TravelMode": [{
			"title": "Air",
			"key": "1"
		},
		{
			"title": "Bus",
			"key": "2"
		},
		{
			"title": "Train",
			"key": "3"
		},
		{
			"title": "Taxi",
			"key": "4"
		},
		{
			"title": "Own Arrangements",
			"key": "5"
		}

	],
	"Accomdation": [{
			"place": "Bangalore",
			"fromDate": "20/10/2019",
			"toDate": "20/10/2019",
			"contact": "Manager"
		}
	],
	"Advance": [{
			"Currency": "INR",
			"Boarding": "10",
			"Lodging": "10",
			"Others": "10",
			"Total": "30"
		}
	],
	"Currency": [{
			"title": "INR",
			"key": "1"
		},
		{
			"title": "ADP",
			"key": "2"
		},
		{
			"title": "EUR",
			"key": "3"
		},
		{
			"title": "ESP",
			"key": "4"
		}
	],
	"TravelMembers": [{
		"Name": "Test",
		"Relation": "Self",
		"Visa": "Business",
		"Payment": "Paid by Associate",
		"Ins": "INS123",
		"DOB": "10/12/2019",
		"Passport": "Z123"
	}],
	"TravelMembers1": [{
		"Name": "Test Child",
		"Relation": "Child1",
		"Visa": "Dependent",
		"Payment": "Paid by RBEI",
		"Ins": "INS1234",
		"DOB": "15/10/1995",
		"Passport": "zSR125",
		"StartDate":"10/15/2020",
		"EndDate":"11/11/2020"
	}],
	"Visa": [{
			"title": "Business",
			"key": "1"
		},
		{
			"title": "Dependent",
			"key": "2"
		},
		{
			"title": "Tourist",
			"key": "3"
		},
		{
			"title": "Training",
			"key": "4"
		},
		{
			"title": "Work Permit",
			"key": "5"
		}
	],
	"Relation": [{
			"title": "Spouse",
			"key": "1"
		},
		{
			"title": "Child1",
			"key": "2"
		},
		{
			"title": "Child2",
			"key": "3"
		},
		{
			"title": "Child3",
			"key": "4"
		},
		{
			"title": "Child4",
			"key": "5"
		},
		{
			"title": "Child5",
			"key": "6"
		}
	],
	"Payment": [{
			"title": "Paid by RBEI",
			"key": "1"
		},
		{
			"title": "Paid by Associate",
			"key": "2"
		}
	],
	"ZE2E_INS_DETAILSet": [{
		"ZE2E_INS_ANS": [{
				"ZZ_QA_KEY": "Do you have any chronic com-plaints or illnesses ?",
				"ZZ_ANS": 2,
				"ZZ_COMMENTS": "Test Comments"
			},
			{
				"ZZ_QA_KEY": "Have you ever had an illness requiring treatment or medication ?",
				"ZZ_ANS": 1,
				"ZZ_COMMENTS": "Test Comments"
			},
			{
				"ZZ_QA_KEY": "Do you have any history of BP and Sugar ?",
				"ZZ_ANS": 0,
				"ZZ_COMMENTS": "Test Comments"
			},
			{
				"ZZ_QA_KEY": "Resulting operations in the last five years ?",
				"ZZ_ANS": 1,
				"ZZ_COMMENTS": "Test Comments"
			}, {
				"ZZ_QA_KEY": "At the time of registering do you have any illnesses/complaints/maternity that requires continuing treatment ?",
				"ZZ_ANS": 2,
				"ZZ_COMMENTS": "Test Comments"
			}
		]
	},
	{
		"ZE2E_INS_ANS": [{
				"ZZ_QA_KEY": "Do you have any chronic com-plaints or illnesses ?",
				"ZZ_ANS": 2,
				"ZZ_COMMENTS": "Test Comments"
			},
			{
				"ZZ_QA_KEY": "Have you ever had an illness requiring treatment or medication ?",
				"ZZ_ANS": 1,
				"ZZ_COMMENTS": "Test Comments"
			},
			{
				"ZZ_QA_KEY": "Do you have any history of BP and Sugar ?",
				"ZZ_ANS": 0,
				"ZZ_COMMENTS": "Test Comments"
			},
			{
				"ZZ_QA_KEY": "Resulting operations in the last five years ?",
				"ZZ_ANS": 1,
				"ZZ_COMMENTS": "Test Comments"
			}, {
				"ZZ_QA_KEY": "At the time of registering do you have any illnesses/complaints/maternity that requires continuing treatment ?",
				"ZZ_ANS": 2,
				"ZZ_COMMENTS": ""
			}
		]
	}
	],
	"MealPreference":[{
			"title": "Asian Vegetarian",
			"key": "1"
		},
		{
			"title": "Asian Non-Vegetarian",
			"key": "2"
		},
		{
			"title": "Baby Food",
			"key": "3"
		},
		{
			"title": "Childrens Menu",
			"key": "4"
		},
		{
			"title": "Plate of Fruit",
			"key": "5"
		},
		{
			"title": "Hindu Menu",
			"key": "6"
		}]
}