[{
	"IvPartnerNumber": "IvPartnerNumber 1",
	"IvPartnerFunction": "IvPartnerFunction 1",
	"IvFromDate": "/Date(1230635987000)/",
	"IvToDate": "/Date(1134127187000)/",
	"IvPoNumber": "IvPoNumber 1",
	"IvOrderNumber": "IvOrderNumber 1",
	"IvBillingDocNumber": "IvBillingDocNumber 1",
	"IvLimit": 792,
	"IvMultiPartner": false,
	"IvSalesOrg": "IvSalesOrg 1",
	"IvDistChannel": "IvDistChannel 1",
	"IvDivision": "IvDivision 1",
	"IvB2bFlag": false,
	"IvTermAllow": "IvTermAllow 1",
	"IvMercServ": "IvMercServ 1",
	"IvPayer": "IvPayer 1",
	"IvSoldTo": "IvSoldTo 1",
	"EvDeliveryDocket": true,
	"EvShowCustomerDetails": false,
	"EvInvoice": true,
	"BillingDocNumber": "BillingDocNumber 1",
	"BillingDocType": "BillingDocType 1",
	"BillingDocTypeDesc": "BillingDocTypeDesc 1",
	"OrderNumber": "OrderNumber 1",
	"PoNumber": "PoNumber 1",
	"BillingDocDate": "BillingDocDate 1",
	"PaymentDueDate": "PaymentDueDate 1",
	"NettAmount": "NettAmount 1",
	"TaxAmount": 1313.83,
	"TotalAmount": "TotalAmount 1",
	"Currency": "Currency 1",
	"Status": "Status 1",
	"CreatedDate": "CreatedDate 1",
	"CreatedTime": "CreatedTime 1",
	"CustomerNumber": "CustomerNumber 1",
	"CustomerRef": "CustomerRef 1",
	"CustomerName": "CustomerName 1",
	"DownloadDate": "DownloadDate 1",
	"DownloadTime": "DownloadTime 1",
	"Downloaded": false,
	"Xblnr": "Xblnr 1",
	"FinalDestination": "FinalDestination 1",
	"Imo": "Imo 1",
	"Vessel": "Vessel 1",
	"Flag": "Flag 1",
	"PaymentTerm": "PaymentTerm 1",
	"AuthorizationNumber": "AuthorizationNumber 1",
	"CompanyCode": "CompanyCode 1",
	"FiscalYear": "FiscalYear 1",
	"PaymentAdvice": "PaymentAdvice 1",
	"PaymentDate": "PaymentDate 1",
	"GroupingOrigin": "GroupingOrigin 1",
	"PayerNumber": "PayerNumber 1",
	"__metadata": {
		"uri": "InvoiceSrchSet('IvPartnerNumber%201')",
		"type": "ZCSP_GSD_PORTAL_SRV.InvoiceSrch"
	}
}, {
	"IvPartnerNumber": "IvPartnerNumber 2",
	"IvPartnerFunction": "IvPartnerFunction 2",
	"IvFromDate": "/Date(1485775187000)/",
	"IvToDate": "/Date(1545909587000)/",
	"IvPoNumber": "IvPoNumber 2",
	"IvOrderNumber": "IvOrderNumber 2",
	"IvBillingDocNumber": "IvBillingDocNumber 2",
	"IvLimit": 9443,
	"IvMultiPartner": false,
	"IvSalesOrg": "IvSalesOrg 2",
	"IvDistChannel": "IvDistChannel 2",
	"IvDivision": "IvDivision 2",
	"IvB2bFlag": true,
	"IvTermAllow": "IvTermAllow 2",
	"IvMercServ": "IvMercServ 2",
	"IvPayer": "IvPayer 2",
	"IvSoldTo": "IvSoldTo 2",
	"EvDeliveryDocket": false,
	"EvShowCustomerDetails": true,
	"EvInvoice": false,
	"BillingDocNumber": "BillingDocNumber 2",
	"BillingDocType": "BillingDocType 2",
	"BillingDocTypeDesc": "BillingDocTypeDesc 2",
	"OrderNumber": "OrderNumber 2",
	"PoNumber": "PoNumber 2",
	"BillingDocDate": "BillingDocDate 2",
	"PaymentDueDate": "PaymentDueDate 2",
	"NettAmount": "NettAmount 2",
	"TaxAmount": 5030.02,
	"TotalAmount": "TotalAmount 2",
	"Currency": "Currency 2",
	"Status": "Status 2",
	"CreatedDate": "CreatedDate 2",
	"CreatedTime": "CreatedTime 2",
	"CustomerNumber": "CustomerNumber 2",
	"CustomerRef": "CustomerRef 2",
	"CustomerName": "CustomerName 2",
	"DownloadDate": "DownloadDate 2",
	"DownloadTime": "DownloadTime 2",
	"Downloaded": true,
	"Xblnr": "Xblnr 2",
	"FinalDestination": "FinalDestination 2",
	"Imo": "Imo 2",
	"Vessel": "Vessel 2",
	"Flag": "Flag 2",
	"PaymentTerm": "PaymentTerm 2",
	"AuthorizationNumber": "AuthorizationNumber 2",
	"CompanyCode": "CompanyCode 2",
	"FiscalYear": "FiscalYear 2",
	"PaymentAdvice": "PaymentAdvice 2",
	"PaymentDate": "PaymentDate 2",
	"GroupingOrigin": "GroupingOrigin 2",
	"PayerNumber": "PayerNumber 2",
	"__metadata": {
		"uri": "InvoiceSrchSet('IvPartnerNumber%202')",
		"type": "ZCSP_GSD_PORTAL_SRV.InvoiceSrch"
	}
}, {
	"IvPartnerNumber": "IvPartnerNumber 3",
	"IvPartnerFunction": "IvPartnerFunction 3",
	"IvFromDate": "/Date(1316949587000)/",
	"IvToDate": "/Date(1088421587000)/",
	"IvPoNumber": "IvPoNumber 3",
	"IvOrderNumber": "IvOrderNumber 3",
	"IvBillingDocNumber": "IvBillingDocNumber 3",
	"IvLimit": 1898,
	"IvMultiPartner": false,
	"IvSalesOrg": "IvSalesOrg 3",
	"IvDistChannel": "IvDistChannel 3",
	"IvDivision": "IvDivision 3",
	"IvB2bFlag": false,
	"IvTermAllow": "IvTermAllow 3",
	"IvMercServ": "IvMercServ 3",
	"IvPayer": "IvPayer 3",
	"IvSoldTo": "IvSoldTo 3",
	"EvDeliveryDocket": true,
	"EvShowCustomerDetails": true,
	"EvInvoice": true,
	"BillingDocNumber": "BillingDocNumber 3",
	"BillingDocType": "BillingDocType 3",
	"BillingDocTypeDesc": "BillingDocTypeDesc 3",
	"OrderNumber": "OrderNumber 3",
	"PoNumber": "PoNumber 3",
	"BillingDocDate": "BillingDocDate 3",
	"PaymentDueDate": "PaymentDueDate 3",
	"NettAmount": "NettAmount 3",
	"TaxAmount": 136.61,
	"TotalAmount": "TotalAmount 3",
	"Currency": "Currency 3",
	"Status": "Status 3",
	"CreatedDate": "CreatedDate 3",
	"CreatedTime": "CreatedTime 3",
	"CustomerNumber": "CustomerNumber 3",
	"CustomerRef": "CustomerRef 3",
	"CustomerName": "CustomerName 3",
	"DownloadDate": "DownloadDate 3",
	"DownloadTime": "DownloadTime 3",
	"Downloaded": true,
	"Xblnr": "Xblnr 3",
	"FinalDestination": "FinalDestination 3",
	"Imo": "Imo 3",
	"Vessel": "Vessel 3",
	"Flag": "Flag 3",
	"PaymentTerm": "PaymentTerm 3",
	"AuthorizationNumber": "AuthorizationNumber 3",
	"CompanyCode": "CompanyCode 3",
	"FiscalYear": "FiscalYear 3",
	"PaymentAdvice": "PaymentAdvice 3",
	"PaymentDate": "PaymentDate 3",
	"GroupingOrigin": "GroupingOrigin 3",
	"PayerNumber": "PayerNumber 3",
	"__metadata": {
		"uri": "InvoiceSrchSet('IvPartnerNumber%203')",
		"type": "ZCSP_GSD_PORTAL_SRV.InvoiceSrch"
	}
}, {
	"IvPartnerNumber": "IvPartnerNumber 4",
	"IvPartnerFunction": "IvPartnerFunction 4",
	"IvFromDate": "/Date(1074251987000)/",
	"IvToDate": "/Date(1203938387000)/",
	"IvPoNumber": "IvPoNumber 4",
	"IvOrderNumber": "IvOrderNumber 4",
	"IvBillingDocNumber": "IvBillingDocNumber 4",
	"IvLimit": 1082,
	"IvMultiPartner": false,
	"IvSalesOrg": "IvSalesOrg 4",
	"IvDistChannel": "IvDistChannel 4",
	"IvDivision": "IvDivision 4",
	"IvB2bFlag": true,
	"IvTermAllow": "IvTermAllow 4",
	"IvMercServ": "IvMercServ 4",
	"IvPayer": "IvPayer 4",
	"IvSoldTo": "IvSoldTo 4",
	"EvDeliveryDocket": true,
	"EvShowCustomerDetails": false,
	"EvInvoice": false,
	"BillingDocNumber": "BillingDocNumber 4",
	"BillingDocType": "BillingDocType 4",
	"BillingDocTypeDesc": "BillingDocTypeDesc 4",
	"OrderNumber": "OrderNumber 4",
	"PoNumber": "PoNumber 4",
	"BillingDocDate": "BillingDocDate 4",
	"PaymentDueDate": "PaymentDueDate 4",
	"NettAmount": "NettAmount 4",
	"TaxAmount": 1.75,
	"TotalAmount": "TotalAmount 4",
	"Currency": "Currency 4",
	"Status": "Status 4",
	"CreatedDate": "CreatedDate 4",
	"CreatedTime": "CreatedTime 4",
	"CustomerNumber": "CustomerNumber 4",
	"CustomerRef": "CustomerRef 4",
	"CustomerName": "CustomerName 4",
	"DownloadDate": "DownloadDate 4",
	"DownloadTime": "DownloadTime 4",
	"Downloaded": false,
	"Xblnr": "Xblnr 4",
	"FinalDestination": "FinalDestination 4",
	"Imo": "Imo 4",
	"Vessel": "Vessel 4",
	"Flag": "Flag 4",
	"PaymentTerm": "PaymentTerm 4",
	"AuthorizationNumber": "AuthorizationNumber 4",
	"CompanyCode": "CompanyCode 4",
	"FiscalYear": "FiscalYear 4",
	"PaymentAdvice": "PaymentAdvice 4",
	"PaymentDate": "PaymentDate 4",
	"GroupingOrigin": "GroupingOrigin 4",
	"PayerNumber": "PayerNumber 4",
	"__metadata": {
		"uri": "InvoiceSrchSet('IvPartnerNumber%204')",
		"type": "ZCSP_GSD_PORTAL_SRV.InvoiceSrch"
	}
}, {
	"IvPartnerNumber": "IvPartnerNumber 5",
	"IvPartnerFunction": "IvPartnerFunction 5",
	"IvFromDate": "/Date(1366024787000)/",
	"IvToDate": "/Date(1217675987000)/",
	"IvPoNumber": "IvPoNumber 5",
	"IvOrderNumber": "IvOrderNumber 5",
	"IvBillingDocNumber": "IvBillingDocNumber 5",
	"IvLimit": 6618,
	"IvMultiPartner": true,
	"IvSalesOrg": "IvSalesOrg 5",
	"IvDistChannel": "IvDistChannel 5",
	"IvDivision": "IvDivision 5",
	"IvB2bFlag": true,
	"IvTermAllow": "IvTermAllow 5",
	"IvMercServ": "IvMercServ 5",
	"IvPayer": "IvPayer 5",
	"IvSoldTo": "IvSoldTo 5",
	"EvDeliveryDocket": true,
	"EvShowCustomerDetails": false,
	"EvInvoice": false,
	"BillingDocNumber": "BillingDocNumber 5",
	"BillingDocType": "BillingDocType 5",
	"BillingDocTypeDesc": "BillingDocTypeDesc 5",
	"OrderNumber": "OrderNumber 5",
	"PoNumber": "PoNumber 5",
	"BillingDocDate": "BillingDocDate 5",
	"PaymentDueDate": "PaymentDueDate 5",
	"NettAmount": "NettAmount 5",
	"TaxAmount": 7301.52,
	"TotalAmount": "TotalAmount 5",
	"Currency": "Currency 5",
	"Status": "Status 5",
	"CreatedDate": "CreatedDate 5",
	"CreatedTime": "CreatedTime 5",
	"CustomerNumber": "CustomerNumber 5",
	"CustomerRef": "CustomerRef 5",
	"CustomerName": "CustomerName 5",
	"DownloadDate": "DownloadDate 5",
	"DownloadTime": "DownloadTime 5",
	"Downloaded": false,
	"Xblnr": "Xblnr 5",
	"FinalDestination": "FinalDestination 5",
	"Imo": "Imo 5",
	"Vessel": "Vessel 5",
	"Flag": "Flag 5",
	"PaymentTerm": "PaymentTerm 5",
	"AuthorizationNumber": "AuthorizationNumber 5",
	"CompanyCode": "CompanyCode 5",
	"FiscalYear": "FiscalYear 5",
	"PaymentAdvice": "PaymentAdvice 5",
	"PaymentDate": "PaymentDate 5",
	"GroupingOrigin": "GroupingOrigin 5",
	"PayerNumber": "PayerNumber 5",
	"__metadata": {
		"uri": "InvoiceSrchSet('IvPartnerNumber%205')",
		"type": "ZCSP_GSD_PORTAL_SRV.InvoiceSrch"
	}
}, {
	"IvPartnerNumber": "IvPartnerNumber 6",
	"IvPartnerFunction": "IvPartnerFunction 6",
	"IvFromDate": "/Date(996059987000)/",
	"IvToDate": "/Date(1079435987000)/",
	"IvPoNumber": "IvPoNumber 6",
	"IvOrderNumber": "IvOrderNumber 6",
	"IvBillingDocNumber": "IvBillingDocNumber 6",
	"IvLimit": 2383,
	"IvMultiPartner": false,
	"IvSalesOrg": "IvSalesOrg 6",
	"IvDistChannel": "IvDistChannel 6",
	"IvDivision": "IvDivision 6",
	"IvB2bFlag": false,
	"IvTermAllow": "IvTermAllow 6",
	"IvMercServ": "IvMercServ 6",
	"IvPayer": "IvPayer 6",
	"IvSoldTo": "IvSoldTo 6",
	"EvDeliveryDocket": true,
	"EvShowCustomerDetails": false,
	"EvInvoice": true,
	"BillingDocNumber": "BillingDocNumber 6",
	"BillingDocType": "BillingDocType 6",
	"BillingDocTypeDesc": "BillingDocTypeDesc 6",
	"OrderNumber": "OrderNumber 6",
	"PoNumber": "PoNumber 6",
	"BillingDocDate": "BillingDocDate 6",
	"PaymentDueDate": "PaymentDueDate 6",
	"NettAmount": "NettAmount 6",
	"TaxAmount": 5314.37,
	"TotalAmount": "TotalAmount 6",
	"Currency": "Currency 6",
	"Status": "Status 6",
	"CreatedDate": "CreatedDate 6",
	"CreatedTime": "CreatedTime 6",
	"CustomerNumber": "CustomerNumber 6",
	"CustomerRef": "CustomerRef 6",
	"CustomerName": "CustomerName 6",
	"DownloadDate": "DownloadDate 6",
	"DownloadTime": "DownloadTime 6",
	"Downloaded": false,
	"Xblnr": "Xblnr 6",
	"FinalDestination": "FinalDestination 6",
	"Imo": "Imo 6",
	"Vessel": "Vessel 6",
	"Flag": "Flag 6",
	"PaymentTerm": "PaymentTerm 6",
	"AuthorizationNumber": "AuthorizationNumber 6",
	"CompanyCode": "CompanyCode 6",
	"FiscalYear": "FiscalYear 6",
	"PaymentAdvice": "PaymentAdvice 6",
	"PaymentDate": "PaymentDate 6",
	"GroupingOrigin": "GroupingOrigin 6",
	"PayerNumber": "PayerNumber 6",
	"__metadata": {
		"uri": "InvoiceSrchSet('IvPartnerNumber%206')",
		"type": "ZCSP_GSD_PORTAL_SRV.InvoiceSrch"
	}
}, {
	"IvPartnerNumber": "IvPartnerNumber 7",
	"IvPartnerFunction": "IvPartnerFunction 7",
	"IvFromDate": "/Date(1304248787000)/",
	"IvToDate": "/Date(1410261587000)/",
	"IvPoNumber": "IvPoNumber 7",
	"IvOrderNumber": "IvOrderNumber 7",
	"IvBillingDocNumber": "IvBillingDocNumber 7",
	"IvLimit": 8548,
	"IvMultiPartner": false,
	"IvSalesOrg": "IvSalesOrg 7",
	"IvDistChannel": "IvDistChannel 7",
	"IvDivision": "IvDivision 7",
	"IvB2bFlag": false,
	"IvTermAllow": "IvTermAllow 7",
	"IvMercServ": "IvMercServ 7",
	"IvPayer": "IvPayer 7",
	"IvSoldTo": "IvSoldTo 7",
	"EvDeliveryDocket": true,
	"EvShowCustomerDetails": false,
	"EvInvoice": false,
	"BillingDocNumber": "BillingDocNumber 7",
	"BillingDocType": "BillingDocType 7",
	"BillingDocTypeDesc": "BillingDocTypeDesc 7",
	"OrderNumber": "OrderNumber 7",
	"PoNumber": "PoNumber 7",
	"BillingDocDate": "BillingDocDate 7",
	"PaymentDueDate": "PaymentDueDate 7",
	"NettAmount": "NettAmount 7",
	"TaxAmount": 8072.47,
	"TotalAmount": "TotalAmount 7",
	"Currency": "Currency 7",
	"Status": "Status 7",
	"CreatedDate": "CreatedDate 7",
	"CreatedTime": "CreatedTime 7",
	"CustomerNumber": "CustomerNumber 7",
	"CustomerRef": "CustomerRef 7",
	"CustomerName": "CustomerName 7",
	"DownloadDate": "DownloadDate 7",
	"DownloadTime": "DownloadTime 7",
	"Downloaded": true,
	"Xblnr": "Xblnr 7",
	"FinalDestination": "FinalDestination 7",
	"Imo": "Imo 7",
	"Vessel": "Vessel 7",
	"Flag": "Flag 7",
	"PaymentTerm": "PaymentTerm 7",
	"AuthorizationNumber": "AuthorizationNumber 7",
	"CompanyCode": "CompanyCode 7",
	"FiscalYear": "FiscalYear 7",
	"PaymentAdvice": "PaymentAdvice 7",
	"PaymentDate": "PaymentDate 7",
	"GroupingOrigin": "GroupingOrigin 7",
	"PayerNumber": "PayerNumber 7",
	"__metadata": {
		"uri": "InvoiceSrchSet('IvPartnerNumber%207')",
		"type": "ZCSP_GSD_PORTAL_SRV.InvoiceSrch"
	}
}, {
	"IvPartnerNumber": "IvPartnerNumber 8",
	"IvPartnerFunction": "IvPartnerFunction 8",
	"IvFromDate": "/Date(985000787000)/",
	"IvToDate": "/Date(1557659987000)/",
	"IvPoNumber": "IvPoNumber 8",
	"IvOrderNumber": "IvOrderNumber 8",
	"IvBillingDocNumber": "IvBillingDocNumber 8",
	"IvLimit": 6959,
	"IvMultiPartner": true,
	"IvSalesOrg": "IvSalesOrg 8",
	"IvDistChannel": "IvDistChannel 8",
	"IvDivision": "IvDivision 8",
	"IvB2bFlag": false,
	"IvTermAllow": "IvTermAllow 8",
	"IvMercServ": "IvMercServ 8",
	"IvPayer": "IvPayer 8",
	"IvSoldTo": "IvSoldTo 8",
	"EvDeliveryDocket": false,
	"EvShowCustomerDetails": false,
	"EvInvoice": true,
	"BillingDocNumber": "BillingDocNumber 8",
	"BillingDocType": "BillingDocType 8",
	"BillingDocTypeDesc": "BillingDocTypeDesc 8",
	"OrderNumber": "OrderNumber 8",
	"PoNumber": "PoNumber 8",
	"BillingDocDate": "BillingDocDate 8",
	"PaymentDueDate": "PaymentDueDate 8",
	"NettAmount": "NettAmount 8",
	"TaxAmount": 2525.02,
	"TotalAmount": "TotalAmount 8",
	"Currency": "Currency 8",
	"Status": "Status 8",
	"CreatedDate": "CreatedDate 8",
	"CreatedTime": "CreatedTime 8",
	"CustomerNumber": "CustomerNumber 8",
	"CustomerRef": "CustomerRef 8",
	"CustomerName": "CustomerName 8",
	"DownloadDate": "DownloadDate 8",
	"DownloadTime": "DownloadTime 8",
	"Downloaded": true,
	"Xblnr": "Xblnr 8",
	"FinalDestination": "FinalDestination 8",
	"Imo": "Imo 8",
	"Vessel": "Vessel 8",
	"Flag": "Flag 8",
	"PaymentTerm": "PaymentTerm 8",
	"AuthorizationNumber": "AuthorizationNumber 8",
	"CompanyCode": "CompanyCode 8",
	"FiscalYear": "FiscalYear 8",
	"PaymentAdvice": "PaymentAdvice 8",
	"PaymentDate": "PaymentDate 8",
	"GroupingOrigin": "GroupingOrigin 8",
	"PayerNumber": "PayerNumber 8",
	"__metadata": {
		"uri": "InvoiceSrchSet('IvPartnerNumber%208')",
		"type": "ZCSP_GSD_PORTAL_SRV.InvoiceSrch"
	}
}, {
	"IvPartnerNumber": "IvPartnerNumber 9",
	"IvPartnerFunction": "IvPartnerFunction 9",
	"IvFromDate": "/Date(1436008787000)/",
	"IvToDate": "/Date(1098703187000)/",
	"IvPoNumber": "IvPoNumber 9",
	"IvOrderNumber": "IvOrderNumber 9",
	"IvBillingDocNumber": "IvBillingDocNumber 9",
	"IvLimit": 251,
	"IvMultiPartner": true,
	"IvSalesOrg": "IvSalesOrg 9",
	"IvDistChannel": "IvDistChannel 9",
	"IvDivision": "IvDivision 9",
	"IvB2bFlag": true,
	"IvTermAllow": "IvTermAllow 9",
	"IvMercServ": "IvMercServ 9",
	"IvPayer": "IvPayer 9",
	"IvSoldTo": "IvSoldTo 9",
	"EvDeliveryDocket": false,
	"EvShowCustomerDetails": false,
	"EvInvoice": true,
	"BillingDocNumber": "BillingDocNumber 9",
	"BillingDocType": "BillingDocType 9",
	"BillingDocTypeDesc": "BillingDocTypeDesc 9",
	"OrderNumber": "OrderNumber 9",
	"PoNumber": "PoNumber 9",
	"BillingDocDate": "BillingDocDate 9",
	"PaymentDueDate": "PaymentDueDate 9",
	"NettAmount": "NettAmount 9",
	"TaxAmount": 9818.01,
	"TotalAmount": "TotalAmount 9",
	"Currency": "Currency 9",
	"Status": "Status 9",
	"CreatedDate": "CreatedDate 9",
	"CreatedTime": "CreatedTime 9",
	"CustomerNumber": "CustomerNumber 9",
	"CustomerRef": "CustomerRef 9",
	"CustomerName": "CustomerName 9",
	"DownloadDate": "DownloadDate 9",
	"DownloadTime": "DownloadTime 9",
	"Downloaded": true,
	"Xblnr": "Xblnr 9",
	"FinalDestination": "FinalDestination 9",
	"Imo": "Imo 9",
	"Vessel": "Vessel 9",
	"Flag": "Flag 9",
	"PaymentTerm": "PaymentTerm 9",
	"AuthorizationNumber": "AuthorizationNumber 9",
	"CompanyCode": "CompanyCode 9",
	"FiscalYear": "FiscalYear 9",
	"PaymentAdvice": "PaymentAdvice 9",
	"PaymentDate": "PaymentDate 9",
	"GroupingOrigin": "GroupingOrigin 9",
	"PayerNumber": "PayerNumber 9",
	"__metadata": {
		"uri": "InvoiceSrchSet('IvPartnerNumber%209')",
		"type": "ZCSP_GSD_PORTAL_SRV.InvoiceSrch"
	}
}, {
	"IvPartnerNumber": "IvPartnerNumber 10",
	"IvPartnerFunction": "IvPartnerFunction 10",
	"IvFromDate": "/Date(1495970387000)/",
	"IvToDate": "/Date(1105355987000)/",
	"IvPoNumber": "IvPoNumber 10",
	"IvOrderNumber": "IvOrderNumber 10",
	"IvBillingDocNumber": "IvBillingDocNumber 10",
	"IvLimit": 5925,
	"IvMultiPartner": true,
	"IvSalesOrg": "IvSalesOrg 10",
	"IvDistChannel": "IvDistChannel 10",
	"IvDivision": "IvDivision 10",
	"IvB2bFlag": false,
	"IvTermAllow": "IvTermAllow 10",
	"IvMercServ": "IvMercServ 10",
	"IvPayer": "IvPayer 10",
	"IvSoldTo": "IvSoldTo 10",
	"EvDeliveryDocket": false,
	"EvShowCustomerDetails": true,
	"EvInvoice": false,
	"BillingDocNumber": "BillingDocNumber 10",
	"BillingDocType": "BillingDocType 10",
	"BillingDocTypeDesc": "BillingDocTypeDesc 10",
	"OrderNumber": "OrderNumber 10",
	"PoNumber": "PoNumber 10",
	"BillingDocDate": "BillingDocDate 10",
	"PaymentDueDate": "PaymentDueDate 10",
	"NettAmount": "NettAmount 10",
	"TaxAmount": 9547.61,
	"TotalAmount": "TotalAmount 10",
	"Currency": "Currency 10",
	"Status": "Status 10",
	"CreatedDate": "CreatedDate 10",
	"CreatedTime": "CreatedTime 10",
	"CustomerNumber": "CustomerNumber 10",
	"CustomerRef": "CustomerRef 10",
	"CustomerName": "CustomerName 10",
	"DownloadDate": "DownloadDate 10",
	"DownloadTime": "DownloadTime 10",
	"Downloaded": true,
	"Xblnr": "Xblnr 10",
	"FinalDestination": "FinalDestination 10",
	"Imo": "Imo 10",
	"Vessel": "Vessel 10",
	"Flag": "Flag 10",
	"PaymentTerm": "PaymentTerm 10",
	"AuthorizationNumber": "AuthorizationNumber 10",
	"CompanyCode": "CompanyCode 10",
	"FiscalYear": "FiscalYear 10",
	"PaymentAdvice": "PaymentAdvice 10",
	"PaymentDate": "PaymentDate 10",
	"GroupingOrigin": "GroupingOrigin 10",
	"PayerNumber": "PayerNumber 10",
	"__metadata": {
		"uri": "InvoiceSrchSet('IvPartnerNumber%2010')",
		"type": "ZCSP_GSD_PORTAL_SRV.InvoiceSrch"
	}
}]