{
  "welcomeFile": "/webapp/index.html",
  "routes": [
    {
      "path": "/resources",
      "target": {
        "type": "service",
        "name": "sapui5",
        "entryPath": "/resources",
        "version": "1.60.35"
      },
      "description": "SAPUI5 Resources"
    },
    {
      "path": "/test-resources",
      "target": {
        "type": "service",
        "name": "sapui5",
        "entryPath": "/test-resources",
        "version": "1.60.35"
      },
      "description": "SAPUI5 Resources"
    },
    {
      "path": "/webapp/resources",
      "target": {
        "type": "service",
        "name": "sapui5",
        "entryPath": "/resources",
        "version": "1.60.35"
      },
      "description": "SAPUI5 Resources"
    },
    {
      "path": "/webapp/test-resources",
      "target": {
        "type": "service",
        "name": "sapui5",
        "entryPath": "/test-resources",
        "version": "1.60.35"
      },
      "description": "SAPUI5 Test Resources"
    },{
    	"path":"/services/userapi",
    	"target": {
    		"type":"service",
    		"name": "userapi"
    	}
    },{
		"path": "/UserAdmin_API",
		"target": {
			"type": "destination",
			"name": "UserAdmin_API"
		},
		"description": "UserAdmin_API"
	},
    {
      "path": "/FUELS_ECC",
      "target": {
        "type": "destination",
        "name": "FUELS_ECC"
      },
      "description": "Odata"
    }
  ],
  "sendWelcomeFileRedirect": true
}