<core:FragmentDefinition xmlns="sap.m" xmlns:l="sap.ui.layout"
	xmlns:f="sap.ui.layout.form" xmlns:core="sap.ui.core" xmlns:commons="sap.ui.commons">
	<Panel id="questionnairePanelId" class="panelCollapse" headerText="QUESTIONNAIRE">
		<Carousel pages="{detail>/ZE2E_INS_DETAILSet}" class="sapUiContentPadding" loop="true">
		<VBox>
			<f:SimpleForm minWidth="1024" maxContainerCols="1"
				editable="false" layout="ResponsiveGridLayout" labelSpanL="4"
				labelSpanM="4" emptySpanL="0" emptySpanM="0" columnsL="2" columnsM="2"
				class="memberForm">
				<f:content>
					<core:Title
						text="Test"
						level="H4" class="font_size_16" />
					<Table id="idQuestionnaireTable" items="{detail>ZE2E_INS_ANS}" sticky="ColumnHeaders"  class="sapFDynamicPageAlignContent" width="auto">
							<infoToolbar>
								<OverflowToolbar>
									<Label text="Questionnaire"/>
								</OverflowToolbar>
							</infoToolbar>
						<columns>
							<Column >
								<Label text="Question" />
							</Column>
							<Column demandPopin="true" minScreenWidth="Tablet" width="15em">
								<Label text="Anwser" required="true" />
							</Column>
							<Column demandPopin="true" minScreenWidth="Tablet">
								<Text text="Comments" />
							</Column>
						</columns>
						<items>
							<ColumnListItem>
								<cells>
									<Text wrapping="true"
										text="{detail>ZZ_QA_KEY}"/>
									<RadioButtonGroup editable="{products&gt;/editable}"
										selectedIndex="{detail>ZZ_ANS}">
										<buttons>
											<RadioButton text="YES" />
											<RadioButton text="NO" />
										</buttons>
									</RadioButtonGroup>
									<TextArea placeholder="Comments" value="{detail>ZZ_COMMENTS}" rows="2" width="95%" editable="{products&gt;/editable}"/>
								</cells>
							</ColumnListItem>
						</items>
					</Table>
				</f:content>
			</f:SimpleForm>
			</VBox>
		</Carousel>
	</Panel>
</core:FragmentDefinition>
